0 verbose cli /opt/alt/alt-nodejs22/root/usr/bin/node /opt/alt/alt-nodejs22/root/usr/bin/npm
1 info using npm@10.9.8
2 info using node@v22.23.2
3 silly config load:file:/opt/alt/alt-nodejs22/root/usr/lib/node_modules/npm/npmrc
4 silly config load:file:/home/roriwalr/forum-staging/.npmrc
5 silly config load:file:/home/roriwalr/.npmrc
6 silly config load:file:/home/roriwalr/forum-staging/etc/npmrc
7 verbose title npm install parse5@8.0.1 emoji-regex@10.6.0
8 verbose argv "install" "--prefix" "/home/roriwalr/forum-staging" "--omit" "dev" "--ignore-scripts" "--no-save" "--no-package-lock" "--dry-run" "parse5@8.0.1" "emoji-regex@10.6.0"
9 verbose logfile logs-max:10 dir:/home/roriwalr/.npm/_logs/2026-08-20T11_20_13_838Z-
10 verbose logfile /home/roriwalr/.npm/_logs/2026-08-20T11_20_13_838Z-debug-0.log
11 silly logfile done cleaning log files
12 silly packumentCache heap:4345298944 maxSize:1086324736 maxEntrySize:543162368
13 silly idealTree buildDeps
14 silly fetch manifest argon2@^0.45.1
15 silly packumentCache full:https://registry.npmjs.org/argon2 cache-miss
16 http fetch GET 200 https://registry.npmjs.org/argon2 120ms (cache miss)
17 silly packumentCache full:https://registry.npmjs.org/argon2 set size:undefined disposed:false
18 silly fetch manifest cookie@^2.0.1
19 silly packumentCache full:https://registry.npmjs.org/cookie cache-miss
20 http fetch GET 200 https://registry.npmjs.org/cookie 24ms (cache miss)
21 silly packumentCache full:https://registry.npmjs.org/cookie set size:undefined disposed:false
22 silly fetch manifest file-type@^22.0.2
23 silly packumentCache full:https://registry.npmjs.org/file-type cache-miss
24 http fetch GET 200 https://registry.npmjs.org/file-type 38ms (cache miss)
25 silly packumentCache full:https://registry.npmjs.org/file-type set size:undefined disposed:false
26 silly fetch manifest marked@^18.0.10
27 silly packumentCache full:https://registry.npmjs.org/marked cache-miss
28 http fetch GET 200 https://registry.npmjs.org/marked 41ms (cache miss)
29 silly packumentCache full:https://registry.npmjs.org/marked set size:undefined disposed:false
30 silly fetch manifest music-metadata@^11.15.0
31 silly packumentCache full:https://registry.npmjs.org/music-metadata cache-miss
32 http fetch GET 200 https://registry.npmjs.org/music-metadata 58ms (cache miss)
33 silly packumentCache full:https://registry.npmjs.org/music-metadata set size:undefined disposed:false
34 silly fetch manifest nodemailer@^9.0.5
35 silly packumentCache full:https://registry.npmjs.org/nodemailer cache-miss
36 http fetch GET 200 https://registry.npmjs.org/nodemailer 39ms (cache miss)
37 silly packumentCache full:https://registry.npmjs.org/nodemailer set size:undefined disposed:false
38 silly fetch manifest pg@^8.23.0
39 silly packumentCache full:https://registry.npmjs.org/pg cache-miss
40 http fetch GET 200 https://registry.npmjs.org/pg 31ms (cache miss)
41 silly packumentCache full:https://registry.npmjs.org/pg set size:undefined disposed:false
42 silly fetch manifest pg-native@>=3.0.1
43 silly packumentCache full:https://registry.npmjs.org/pg-native cache-miss
44 http fetch GET 200 https://registry.npmjs.org/pg-native 23ms (cache miss)
45 silly packumentCache full:https://registry.npmjs.org/pg-native set size:undefined disposed:false
46 silly fetch manifest sharp@^0.35.3
47 silly packumentCache full:https://registry.npmjs.org/sharp cache-miss
48 http fetch GET 200 https://registry.npmjs.org/sharp 47ms (cache miss)
49 silly packumentCache full:https://registry.npmjs.org/sharp set size:undefined disposed:false
50 silly fetch manifest ts-ebml@^3.0.2
51 silly packumentCache full:https://registry.npmjs.org/ts-ebml cache-miss
52 http fetch GET 200 https://registry.npmjs.org/ts-ebml 96ms (cache miss)
53 silly packumentCache full:https://registry.npmjs.org/ts-ebml set size:undefined disposed:false
54 silly fetch manifest ws@^8.21.2
55 silly packumentCache full:https://registry.npmjs.org/ws cache-miss
56 http fetch GET 200 https://registry.npmjs.org/ws 30ms (cache miss)
57 silly packumentCache full:https://registry.npmjs.org/ws set size:undefined disposed:false
58 silly fetch manifest bufferutil@^4.0.1
59 silly packumentCache full:https://registry.npmjs.org/bufferutil cache-miss
60 http fetch GET 200 https://registry.npmjs.org/bufferutil 18ms (cache miss)
61 silly packumentCache full:https://registry.npmjs.org/bufferutil set size:undefined disposed:false
62 silly fetch manifest utf-8-validate@>=5.0.2
63 silly packumentCache full:https://registry.npmjs.org/utf-8-validate cache-miss
64 http fetch GET 200 https://registry.npmjs.org/utf-8-validate 20ms (cache miss)
65 silly packumentCache full:https://registry.npmjs.org/utf-8-validate set size:undefined disposed:false
66 silly fetch manifest parse5@8.0.1
67 silly packumentCache full:https://registry.npmjs.org/parse5 cache-miss
68 http fetch GET 200 https://registry.npmjs.org/parse5 19ms (cache miss)
69 silly packumentCache full:https://registry.npmjs.org/parse5 set size:undefined disposed:false
70 silly fetch manifest emoji-regex@10.6.0
71 silly packumentCache full:https://registry.npmjs.org/emoji-regex cache-miss
72 http fetch GET 200 https://registry.npmjs.org/emoji-regex 19ms (cache miss)
73 silly packumentCache full:https://registry.npmjs.org/emoji-regex set size:undefined disposed:false
74 silly fetch manifest @nx/js@23.1.1
75 silly packumentCache full:https://registry.npmjs.org/@nx%2fjs cache-miss
76 http fetch GET 200 https://registry.npmjs.org/@nx%2fjs 122ms (cache miss)
77 silly packumentCache full:https://registry.npmjs.org/@nx%2fjs set size:undefined disposed:false
78 silly fetch manifest @swc/cli@>=0.6.0 <0.9.0
79 silly packumentCache full:https://registry.npmjs.org/@swc%2fcli cache-miss
80 http fetch GET 200 https://registry.npmjs.org/@swc%2fcli 41ms (cache miss)
81 silly packumentCache full:https://registry.npmjs.org/@swc%2fcli set size:undefined disposed:false
82 silly fetch manifest @swc/core@^1.2.66
83 silly packumentCache full:https://registry.npmjs.org/@swc%2fcore cache-miss
84 http fetch GET 200 https://registry.npmjs.org/@swc%2fcore 104ms (cache miss)
85 silly packumentCache full:https://registry.npmjs.org/@swc%2fcore set size:undefined disposed:false
86 silly fetch manifest @swc/helpers@>=0.5.17
87 silly packumentCache full:https://registry.npmjs.org/@swc%2fhelpers cache-miss
88 http fetch GET 200 https://registry.npmjs.org/@swc%2fhelpers 46ms (cache miss)
89 silly packumentCache full:https://registry.npmjs.org/@swc%2fhelpers set size:undefined disposed:false
90 silly fetch manifest chokidar@^5.0.0
91 silly packumentCache full:https://registry.npmjs.org/chokidar cache-miss
92 http fetch GET 200 https://registry.npmjs.org/chokidar 25ms (cache miss)
93 silly packumentCache full:https://registry.npmjs.org/chokidar set size:undefined disposed:false
94 silly fetch manifest verdaccio@^6.0.5
95 silly packumentCache full:https://registry.npmjs.org/verdaccio cache-miss
96 http fetch GET 200 https://registry.npmjs.org/verdaccio 97ms (cache miss)
97 silly packumentCache full:https://registry.npmjs.org/verdaccio set size:undefined disposed:false
98 silly fetch manifest @nx/workspace@23.1.1
99 silly packumentCache full:https://registry.npmjs.org/@nx%2fworkspace cache-miss
100 http fetch GET 200 https://registry.npmjs.org/@nx%2fworkspace 144ms (cache miss)
101 silly packumentCache full:https://registry.npmjs.org/@nx%2fworkspace set size:undefined disposed:false
102 silly fetch manifest dompurify@^3.4.14
103 silly packumentCache full:https://registry.npmjs.org/dompurify cache-miss
104 http fetch GET 200 https://registry.npmjs.org/dompurify 39ms (cache miss)
105 silly packumentCache full:https://registry.npmjs.org/dompurify set size:undefined disposed:false
106 silly fetch manifest jsdom@^30.0.1
107 silly packumentCache full:https://registry.npmjs.org/jsdom cache-miss
108 http fetch GET 200 https://registry.npmjs.org/jsdom 39ms (cache miss)
109 silly packumentCache full:https://registry.npmjs.org/jsdom set size:undefined disposed:false
110 silly fetch manifest canvas@^3.2.3
111 silly packumentCache full:https://registry.npmjs.org/canvas cache-miss
112 http fetch GET 200 https://registry.npmjs.org/canvas 26ms (cache miss)
113 silly packumentCache full:https://registry.npmjs.org/canvas set size:undefined disposed:false
114 silly fetch manifest nx@23.1.1
115 silly packumentCache full:https://registry.npmjs.org/nx cache-miss
116 http fetch GET 200 https://registry.npmjs.org/nx 229ms (cache miss)
117 silly packumentCache full:https://registry.npmjs.org/nx set size:undefined disposed:false
118 silly fetch manifest @swc-node/register@^1.11.1
119 silly packumentCache full:https://registry.npmjs.org/@swc-node%2fregister cache-miss
120 http fetch GET 200 https://registry.npmjs.org/@swc-node%2fregister 35ms (cache miss)
121 silly packumentCache full:https://registry.npmjs.org/@swc-node%2fregister set size:undefined disposed:false
122 silly fetch manifest @swc/core@>= 1.4.13
123 silly packumentCache full:https://registry.npmjs.org/@swc%2fcore cache-miss
124 http cache https://registry.npmjs.org/@swc%2fcore 15ms (cache hit)
125 silly packumentCache full:https://registry.npmjs.org/@swc%2fcore set size:4086634 disposed:false
126 silly fetch manifest typescript@>= 4.3 < 7
127 silly packumentCache full:https://registry.npmjs.org/typescript cache-miss
128 http fetch GET 200 https://registry.npmjs.org/typescript 246ms (cache miss)
129 silly packumentCache full:https://registry.npmjs.org/typescript set size:undefined disposed:false
130 silly placeDep ROOT @nx/js@23.1.1 OK for: @rw/source@0.1.10 want: 23.1.1
131 silly placeDep ROOT @nx/workspace@23.1.1 OK for: @rw/source@0.1.10 want: 23.1.1
132 silly placeDep ROOT argon2@0.45.1 OK for: @rw/source@0.1.10 want: ^0.45.1
133 silly placeDep ROOT cookie@2.0.1 OK for: @rw/source@0.1.10 want: ^2.0.1
134 silly placeDep ROOT dompurify@3.4.14 OK for: @rw/source@0.1.10 want: ^3.4.14
135 silly placeDep ROOT emoji-regex@10.6.0 OK for: @rw/source@0.1.10 want: 10.6.0
136 silly placeDep ROOT file-type@22.0.2 OK for: @rw/source@0.1.10 want: ^22.0.2
137 silly placeDep ROOT jsdom@30.0.1 OK for: @rw/source@0.1.10 want: ^30.0.1
138 silly placeDep ROOT marked@18.0.10 OK for: @rw/source@0.1.10 want: ^18.0.10
139 silly placeDep ROOT music-metadata@11.15.0 OK for: @rw/source@0.1.10 want: ^11.15.0
140 silly placeDep ROOT nodemailer@9.0.5 OK for: @rw/source@0.1.10 want: ^9.0.5
141 silly placeDep ROOT nx@23.1.1 OK for: @rw/source@0.1.10 want: 23.1.1
142 silly placeDep ROOT parse5@8.0.1 OK for: @rw/source@0.1.10 want: 8.0.1
143 silly placeDep ROOT pg@8.23.0 OK for: @rw/source@0.1.10 want: ^8.23.0
144 silly placeDep ROOT sharp@0.35.3 OK for: @rw/source@0.1.10 want: ^0.35.3
145 silly placeDep ROOT ts-ebml@3.0.2 OK for: @rw/source@0.1.10 want: ^3.0.2
146 silly placeDep ROOT ws@8.21.3 OK for: @rw/source@0.1.10 want: ^8.21.2
147 silly fetch manifest chalk@^4.1.0
148 silly packumentCache full:https://registry.npmjs.org/chalk cache-miss
149 silly fetch manifest tslib@^2.3.0
150 silly packumentCache full:https://registry.npmjs.org/tslib cache-miss
151 silly fetch manifest ignore@^7.0.5
152 silly packumentCache full:https://registry.npmjs.org/ignore cache-miss
153 silly fetch manifest semver@^7.6.3
154 silly packumentCache full:https://registry.npmjs.org/semver cache-miss
155 silly fetch manifest columnify@^1.6.0
156 silly packumentCache full:https://registry.npmjs.org/columnify cache-miss
157 silly fetch manifest js-tokens@^4.0.0
158 silly packumentCache full:https://registry.npmjs.org/js-tokens cache-miss
159 silly fetch manifest picomatch@4.0.4
160 silly packumentCache full:https://registry.npmjs.org/picomatch cache-miss
161 silly fetch manifest @nx/devkit@23.1.1
162 silly packumentCache full:https://registry.npmjs.org/@nx%2fdevkit cache-miss
163 silly fetch manifest picocolors@^1.1.0
164 silly packumentCache full:https://registry.npmjs.org/picocolors cache-miss
165 silly fetch manifest tinyglobby@^0.2.12
166 silly packumentCache full:https://registry.npmjs.org/tinyglobby cache-miss
167 silly fetch manifest @babel/core@^7.23.2
168 silly packumentCache full:https://registry.npmjs.org/@babel%2fcore cache-miss
169 silly fetch manifest detect-port@^2.1.0
170 silly packumentCache full:https://registry.npmjs.org/detect-port cache-miss
171 silly fetch manifest jsonc-parser@^3.2.0
172 silly packumentCache full:https://registry.npmjs.org/jsonc-parser cache-miss
173 silly fetch manifest npm-run-path@^4.0.1
174 silly packumentCache full:https://registry.npmjs.org/npm-run-path cache-miss
175 silly fetch manifest @babel/runtime@^7.22.6
176 silly packumentCache full:https://registry.npmjs.org/@babel%2fruntime cache-miss
177 silly fetch manifest @zkochan/js-yaml@0.0.7
178 silly packumentCache full:https://registry.npmjs.org/@zkochan%2fjs-yaml cache-miss
179 silly fetch manifest @babel/preset-env@^7.23.2
180 silly packumentCache full:https://registry.npmjs.org/@babel%2fpreset-env cache-miss
181 silly fetch manifest source-map-support@0.5.19
182 silly packumentCache full:https://registry.npmjs.org/source-map-support cache-miss
183 silly fetch manifest babel-plugin-macros@^3.1.0
184 silly packumentCache full:https://registry.npmjs.org/babel-plugin-macros cache-miss
185 silly fetch manifest babel-plugin-const-enum@^1.0.1
186 silly packumentCache full:https://registry.npmjs.org/babel-plugin-const-enum cache-miss
187 silly fetch manifest @babel/preset-typescript@^7.22.5
188 silly packumentCache full:https://registry.npmjs.org/@babel%2fpreset-typescript cache-miss
189 silly fetch manifest @babel/plugin-transform-runtime@^7.23.2
190 silly packumentCache full:https://registry.npmjs.org/@babel%2fplugin-transform-runtime cache-miss
191 silly fetch manifest @babel/plugin-proposal-decorators@^7.22.7
192 silly packumentCache full:https://registry.npmjs.org/@babel%2fplugin-proposal-decorators cache-miss
193 silly fetch manifest @babel/plugin-transform-private-methods@^7.22.5
194 silly packumentCache full:https://registry.npmjs.org/@babel%2fplugin-transform-private-methods cache-miss
195 silly fetch manifest @babel/plugin-transform-class-properties@^7.22.5
196 silly packumentCache full:https://registry.npmjs.org/@babel%2fplugin-transform-class-properties cache-miss
197 silly fetch manifest @babel/plugin-transform-class-static-block@^7.22.5
198 silly packumentCache full:https://registry.npmjs.org/@babel%2fplugin-transform-class-static-block cache-miss
199 silly fetch manifest babel-plugin-transform-typescript-metadata@^0.3.1
200 silly packumentCache full:https://registry.npmjs.org/babel-plugin-transform-typescript-metadata cache-miss
201 silly fetch manifest @babel/plugin-transform-private-property-in-object@^7.22.5
202 silly packumentCache full:https://registry.npmjs.org/@babel%2fplugin-transform-private-property-in-object cache-miss
203 silly fetch manifest chalk@^4.1.0
204 silly packumentCache full:https://registry.npmjs.org/chalk cache-miss
205 silly fetch manifest tslib@^2.3.0
206 silly packumentCache full:https://registry.npmjs.org/tslib cache-miss
207 silly fetch manifest semver@^7.6.3
208 silly packumentCache full:https://registry.npmjs.org/semver cache-miss
209 http fetch GET 200 https://registry.npmjs.org/npm-run-path 158ms (cache miss)
210 silly packumentCache full:https://registry.npmjs.org/npm-run-path set size:undefined disposed:false
211 silly fetch manifest enquirer@~2.3.6
212 silly packumentCache full:https://registry.npmjs.org/enquirer cache-miss
213 http fetch GET 200 https://registry.npmjs.org/picocolors 181ms (cache miss)
214 silly packumentCache full:https://registry.npmjs.org/picocolors set size:undefined disposed:false
215 silly fetch manifest picomatch@4.0.4
216 silly packumentCache full:https://registry.npmjs.org/picomatch cache-miss
217 http fetch GET 200 https://registry.npmjs.org/chalk 194ms (cache miss)
218 silly packumentCache full:https://registry.npmjs.org/chalk set size:undefined disposed:false
219 silly fetch manifest @nx/devkit@23.1.1
220 silly packumentCache full:https://registry.npmjs.org/@nx%2fdevkit cache-miss
221 http fetch GET 200 https://registry.npmjs.org/tinyglobby 195ms (cache miss)
222 silly packumentCache full:https://registry.npmjs.org/tinyglobby set size:undefined disposed:false
223 silly fetch manifest yargs-parser@21.1.1
224 silly packumentCache full:https://registry.npmjs.org/yargs-parser cache-miss
225 http fetch GET 200 https://registry.npmjs.org/columnify 199ms (cache miss)
226 silly packumentCache full:https://registry.npmjs.org/columnify set size:undefined disposed:false
227 silly fetch manifest @zkochan/js-yaml@0.0.7
228 silly packumentCache full:https://registry.npmjs.org/@zkochan%2fjs-yaml cache-miss
229 http fetch GET 200 https://registry.npmjs.org/js-tokens 203ms (cache miss)
230 silly packumentCache full:https://registry.npmjs.org/js-tokens set size:undefined disposed:false
231 silly fetch manifest cross-env@^10.1.0
232 silly packumentCache full:https://registry.npmjs.org/cross-env cache-miss
233 http fetch GET 200 https://registry.npmjs.org/chalk 210ms (cache miss)
234 silly packumentCache full:https://registry.npmjs.org/chalk set size:undefined disposed:false
235 silly fetch manifest @phc/format@^1.0.0
236 silly packumentCache full:https://registry.npmjs.org/@phc%2fformat cache-miss
237 http fetch GET 200 https://registry.npmjs.org/babel-plugin-macros 222ms (cache miss)
238 silly packumentCache full:https://registry.npmjs.org/babel-plugin-macros set size:undefined disposed:false
239 silly fetch manifest node-addon-api@^8.9.0
240 silly packumentCache full:https://registry.npmjs.org/node-addon-api cache-miss
241 http fetch GET 200 https://registry.npmjs.org/babel-plugin-const-enum 223ms (cache miss)
242 silly packumentCache full:https://registry.npmjs.org/babel-plugin-const-enum set size:undefined disposed:false
243 silly fetch manifest node-gyp-build@^4.8.4
244 silly packumentCache full:https://registry.npmjs.org/node-gyp-build cache-miss
245 http fetch GET 200 https://registry.npmjs.org/babel-plugin-transform-typescript-metadata 225ms (cache miss)
246 silly packumentCache full:https://registry.npmjs.org/babel-plugin-transform-typescript-metadata set size:undefined disposed:false
247 silly fetch manifest @types/trusted-types@^2.0.7
248 silly packumentCache full:https://registry.npmjs.org/@types%2ftrusted-types cache-miss
249 http fetch GET 200 https://registry.npmjs.org/detect-port 237ms (cache miss)
250 silly packumentCache full:https://registry.npmjs.org/detect-port set size:undefined disposed:false
251 silly fetch manifest strtok3@^10.3.5
252 silly packumentCache full:https://registry.npmjs.org/strtok3 cache-miss
253 http fetch GET 200 https://registry.npmjs.org/@zkochan%2fjs-yaml 238ms (cache miss)
254 silly packumentCache full:https://registry.npmjs.org/@zkochan%2fjs-yaml set size:undefined disposed:false
255 silly fetch manifest token-types@^6.1.2
256 silly packumentCache full:https://registry.npmjs.org/token-types cache-miss
257 http fetch GET 200 https://registry.npmjs.org/@babel%2fplugin-transform-private-property-in-object 238ms (cache miss)
258 silly packumentCache full:https://registry.npmjs.org/@babel%2fplugin-transform-private-property-in-object set size:undefined disposed:false
259 silly fetch manifest uint8array-extras@^1.5.0
260 silly packumentCache full:https://registry.npmjs.org/uint8array-extras cache-miss
261 http fetch GET 200 https://registry.npmjs.org/tslib 237ms (cache miss)
262 silly packumentCache full:https://registry.npmjs.org/tslib set size:undefined disposed:false
263 silly fetch manifest @tokenizer/inflate@^0.4.1
264 silly packumentCache full:https://registry.npmjs.org/@tokenizer%2finflate cache-miss
265 http fetch GET 200 https://registry.npmjs.org/@babel%2fplugin-transform-class-static-block 244ms (cache miss)
266 silly packumentCache full:https://registry.npmjs.org/@babel%2fplugin-transform-class-static-block set size:undefined disposed:false
267 silly fetch manifest saxes@^6.0.0
268 silly packumentCache full:https://registry.npmjs.org/saxes cache-miss
269 http fetch GET 200 https://registry.npmjs.org/@babel%2fplugin-transform-class-properties 249ms (cache miss)
270 silly packumentCache full:https://registry.npmjs.org/@babel%2fplugin-transform-class-properties set size:undefined disposed:false
271 silly fetch manifest parse5@^8.0.1
272 silly packumentCache full:https://registry.npmjs.org/parse5 cache-miss
273 http fetch GET 200 https://registry.npmjs.org/tslib 261ms (cache miss)
274 silly packumentCache full:https://registry.npmjs.org/tslib set size:undefined disposed:false
275 silly fetch manifest undici@^8.9.0
276 silly packumentCache full:https://registry.npmjs.org/undici cache-miss
277 http fetch GET 200 https://registry.npmjs.org/@babel%2fplugin-transform-private-methods 255ms (cache miss)
278 silly packumentCache full:https://registry.npmjs.org/@babel%2fplugin-transform-private-methods set size:undefined disposed:false
279 silly fetch manifest css-tree@^3.2.1
280 silly packumentCache full:https://registry.npmjs.org/css-tree cache-miss
281 http fetch GET 200 https://registry.npmjs.org/jsonc-parser 262ms (cache miss)
282 silly packumentCache full:https://registry.npmjs.org/jsonc-parser set size:undefined disposed:false
283 silly fetch manifest data-urls@^7.0.0
284 silly packumentCache full:https://registry.npmjs.org/data-urls cache-miss
285 http fetch GET 200 https://registry.npmjs.org/source-map-support 305ms (cache miss)
286 silly packumentCache full:https://registry.npmjs.org/source-map-support set size:undefined disposed:false
287 silly fetch manifest lru-cache@^11.5.2
288 silly packumentCache full:https://registry.npmjs.org/lru-cache cache-miss
289 http fetch GET 200 https://registry.npmjs.org/semver 303ms (cache miss)
290 silly packumentCache full:https://registry.npmjs.org/semver set size:undefined disposed:false
291 silly fetch manifest decimal.js@^10.6.0
292 silly packumentCache full:https://registry.npmjs.org/decimal.js cache-miss
293 http fetch GET 200 https://registry.npmjs.org/@babel%2fpreset-typescript 317ms (cache miss)
294 silly packumentCache full:https://registry.npmjs.org/@babel%2fpreset-typescript set size:undefined disposed:false
295 silly fetch manifest whatwg-url@^17.1.0
296 silly packumentCache full:https://registry.npmjs.org/whatwg-url cache-miss
297 http fetch GET 200 https://registry.npmjs.org/picomatch 327ms (cache miss)
298 silly packumentCache full:https://registry.npmjs.org/picomatch set size:undefined disposed:false
299 silly fetch manifest symbol-tree@^3.2.4
300 silly packumentCache full:https://registry.npmjs.org/symbol-tree cache-miss
301 http fetch GET 200 https://registry.npmjs.org/picomatch 150ms (cache miss)
302 silly packumentCache full:https://registry.npmjs.org/picomatch set size:undefined disposed:false
303 silly fetch manifest tough-cookie@^6.0.2
304 silly packumentCache full:https://registry.npmjs.org/tough-cookie cache-miss
305 http cache https://registry.npmjs.org/parse5 94ms (cache hit)
306 silly packumentCache full:https://registry.npmjs.org/parse5 set size:123116 disposed:false
307 silly fetch manifest @exodus/bytes@^1.15.1
308 silly packumentCache full:https://registry.npmjs.org/@exodus%2fbytes cache-miss
309 http fetch GET 200 https://registry.npmjs.org/@babel%2fplugin-proposal-decorators 352ms (cache miss)
310 silly packumentCache full:https://registry.npmjs.org/@babel%2fplugin-proposal-decorators set size:undefined disposed:false
311 silly fetch manifest whatwg-mimetype@^5.0.0
312 silly packumentCache full:https://registry.npmjs.org/whatwg-mimetype cache-miss
313 http fetch GET 200 https://registry.npmjs.org/@phc%2fformat 142ms (cache miss)
314 silly packumentCache full:https://registry.npmjs.org/@phc%2fformat set size:undefined disposed:false
315 silly fetch manifest w3c-xmlserializer@^5.0.0
316 silly packumentCache full:https://registry.npmjs.org/w3c-xmlserializer cache-miss
317 http fetch GET 200 https://registry.npmjs.org/uint8array-extras 126ms (cache miss)
318 silly packumentCache full:https://registry.npmjs.org/uint8array-extras set size:undefined disposed:false
319 silly fetch manifest webidl-conversions@^8.0.1
320 silly packumentCache full:https://registry.npmjs.org/webidl-conversions cache-miss
321 http fetch GET 200 https://registry.npmjs.org/@zkochan%2fjs-yaml 178ms (cache miss)
322 silly packumentCache full:https://registry.npmjs.org/@zkochan%2fjs-yaml set size:undefined disposed:false
323 silly fetch manifest xml-name-validator@^5.0.0
324 silly packumentCache full:https://registry.npmjs.org/xml-name-validator cache-miss
325 http fetch GET 200 https://registry.npmjs.org/node-gyp-build 151ms (cache miss)
326 silly packumentCache full:https://registry.npmjs.org/node-gyp-build set size:undefined disposed:false
327 silly fetch manifest @bramus/specificity@^2.4.2
328 silly packumentCache full:https://registry.npmjs.org/@bramus%2fspecificity cache-miss
329 http fetch GET 200 https://registry.npmjs.org/ignore 384ms (cache miss)
330 silly packumentCache full:https://registry.npmjs.org/ignore set size:undefined disposed:false
331 silly fetch manifest @asamuzakjp/css-color@^6.0.5
332 silly packumentCache full:https://registry.npmjs.org/@asamuzakjp%2fcss-color cache-miss
333 http fetch GET 200 https://registry.npmjs.org/@tokenizer%2finflate 139ms (cache miss)
334 silly packumentCache full:https://registry.npmjs.org/@tokenizer%2finflate set size:undefined disposed:false
335 silly fetch manifest html-encoding-sniffer@^6.0.0
336 silly packumentCache full:https://registry.npmjs.org/html-encoding-sniffer cache-miss
337 http fetch GET 200 https://registry.npmjs.org/semver 400ms (cache miss)
338 silly packumentCache full:https://registry.npmjs.org/semver set size:undefined disposed:false
339 silly fetch manifest @asamuzakjp/dom-selector@^8.3.0
340 silly packumentCache full:https://registry.npmjs.org/@asamuzakjp%2fdom-selector cache-miss
341 http fetch GET 200 https://registry.npmjs.org/@types%2ftrusted-types 171ms (cache miss)
342 silly packumentCache full:https://registry.npmjs.org/@types%2ftrusted-types set size:undefined disposed:false
343 silly fetch manifest is-potential-custom-element-name@^1.0.1
344 silly packumentCache full:https://registry.npmjs.org/is-potential-custom-element-name cache-miss
345 http fetch GET 200 https://registry.npmjs.org/data-urls 141ms (cache miss)
346 silly packumentCache full:https://registry.npmjs.org/data-urls set size:undefined disposed:false
347 silly fetch manifest @csstools/css-syntax-patches-for-csstree@^1.1.7
348 silly packumentCache full:https://registry.npmjs.org/@csstools%2fcss-syntax-patches-for-csstree cache-miss
349 http fetch GET 200 https://registry.npmjs.org/enquirer 245ms (cache miss)
350 silly packumentCache full:https://registry.npmjs.org/enquirer set size:undefined disposed:false
351 silly fetch manifest debug@^4.4.3
352 silly packumentCache full:https://registry.npmjs.org/debug cache-miss
353 http fetch GET 200 https://registry.npmjs.org/cross-env 214ms (cache miss)
354 silly packumentCache full:https://registry.npmjs.org/cross-env set size:undefined disposed:false
355 silly fetch manifest strtok3@^10.3.5
356 silly packumentCache full:https://registry.npmjs.org/strtok3 cache-miss
357 http fetch GET 200 https://registry.npmjs.org/token-types 188ms (cache miss)
358 silly packumentCache full:https://registry.npmjs.org/token-types set size:undefined disposed:false
359 silly fetch manifest win-guid@^0.2.1
360 silly packumentCache full:https://registry.npmjs.org/win-guid cache-miss
361 http fetch GET 200 https://registry.npmjs.org/saxes 197ms (cache miss)
362 silly packumentCache full:https://registry.npmjs.org/saxes set size:undefined disposed:false
363 silly fetch manifest file-type@^21.3.4
364 silly packumentCache full:https://registry.npmjs.org/file-type cache-miss
365 http fetch GET 200 https://registry.npmjs.org/css-tree 190ms (cache miss)
366 silly packumentCache full:https://registry.npmjs.org/css-tree set size:undefined disposed:false
367 silly fetch manifest media-typer@^2.0.0
368 silly packumentCache full:https://registry.npmjs.org/media-typer cache-miss
369 http fetch GET 200 https://registry.npmjs.org/symbol-tree 140ms (cache miss)
370 silly packumentCache full:https://registry.npmjs.org/symbol-tree set size:undefined disposed:false
371 silly fetch manifest content-type@^2.1.0
372 silly packumentCache full:https://registry.npmjs.org/content-type cache-miss
373 http fetch GET 200 https://registry.npmjs.org/@babel%2fplugin-transform-runtime 466ms (cache miss)
374 silly packumentCache full:https://registry.npmjs.org/@babel%2fplugin-transform-runtime set size:undefined disposed:false
375 silly fetch manifest @tokenizer/token@^0.3.0
376 silly packumentCache full:https://registry.npmjs.org/@tokenizer%2ftoken cache-miss
377 http fetch GET 200 https://registry.npmjs.org/w3c-xmlserializer 117ms (cache miss)
378 silly packumentCache full:https://registry.npmjs.org/w3c-xmlserializer set size:undefined disposed:false
379 silly fetch manifest @borewit/text-codec@^0.2.2
380 silly packumentCache full:https://registry.npmjs.org/@borewit%2ftext-codec cache-miss
381 http fetch GET 200 https://registry.npmjs.org/xml-name-validator 110ms (cache miss)
382 silly packumentCache full:https://registry.npmjs.org/xml-name-validator set size:undefined disposed:false
383 silly fetch manifest bl@4.1.0
384 silly packumentCache full:https://registry.npmjs.org/bl cache-miss
385 http fetch GET 200 https://registry.npmjs.org/decimal.js 172ms (cache miss)
386 silly packumentCache full:https://registry.npmjs.org/decimal.js set size:undefined disposed:false
387 silly fetch manifest ms@2.1.3
388 silly packumentCache full:https://registry.npmjs.org/ms cache-miss
389 http fetch GET 200 https://registry.npmjs.org/yargs-parser 297ms (cache miss)
390 silly packumentCache full:https://registry.npmjs.org/yargs-parser set size:undefined disposed:false
391 silly fetch manifest ejs@5.0.1
392 silly packumentCache full:https://registry.npmjs.org/ejs cache-miss
393 http fetch GET 200 https://registry.npmjs.org/html-encoding-sniffer 109ms (cache miss)
394 silly packumentCache full:https://registry.npmjs.org/html-encoding-sniffer set size:undefined disposed:false
395 silly fetch manifest ora@5.4.1
396 silly packumentCache full:https://registry.npmjs.org/ora cache-miss
397 http fetch GET 200 https://registry.npmjs.org/webidl-conversions 128ms (cache miss)
398 silly packumentCache full:https://registry.npmjs.org/webidl-conversions set size:undefined disposed:false
399 silly fetch manifest tmp@0.2.7
400 silly packumentCache full:https://registry.npmjs.org/tmp cache-miss
401 http fetch GET 200 https://registry.npmjs.org/whatwg-mimetype 142ms (cache miss)
402 silly packumentCache full:https://registry.npmjs.org/whatwg-mimetype set size:undefined disposed:false
403 silly fetch manifest flat@5.0.2
404 silly packumentCache full:https://registry.npmjs.org/flat cache-miss
405 http fetch GET 200 https://registry.npmjs.org/is-potential-custom-element-name 100ms (cache miss)
406 silly packumentCache full:https://registry.npmjs.org/is-potential-custom-element-name set size:undefined disposed:false
407 silly fetch manifest gopd@1.2.0
408 silly packumentCache full:https://registry.npmjs.org/gopd cache-miss
409 http fetch GET 200 https://registry.npmjs.org/whatwg-url 197ms (cache miss)
410 silly packumentCache full:https://registry.npmjs.org/whatwg-url set size:undefined disposed:false
411 silly fetch manifest once@1.4.0
412 silly packumentCache full:https://registry.npmjs.org/once cache-miss
413 http fetch GET 200 https://registry.npmjs.org/tough-cookie 210ms (cache miss)
414 silly packumentCache full:https://registry.npmjs.org/tough-cookie set size:undefined disposed:false
415 silly fetch manifest open@10.1.0
416 silly packumentCache full:https://registry.npmjs.org/open cache-miss
417 http fetch GET 200 https://registry.npmjs.org/@bramus%2fspecificity 174ms (cache miss)
418 silly packumentCache full:https://registry.npmjs.org/@bramus%2fspecificity set size:undefined disposed:false
419 silly fetch manifest y18n@5.0.8
420 silly packumentCache full:https://registry.npmjs.org/y18n cache-miss
421 http fetch GET 200 https://registry.npmjs.org/node-addon-api 331ms (cache miss)
422 silly packumentCache full:https://registry.npmjs.org/node-addon-api set size:undefined disposed:false
423 silly fetch manifest yaml@2.9.0
424 silly packumentCache full:https://registry.npmjs.org/yaml cache-miss
425 http cache https://registry.npmjs.org/file-type 112ms (cache hit)
426 silly packumentCache full:https://registry.npmjs.org/file-type set size:562034 disposed:false
427 silly fetch manifest axios@1.18.1
428 silly packumentCache full:https://registry.npmjs.org/axios cache-miss
429 http fetch GET 200 https://registry.npmjs.org/@exodus%2fbytes 229ms (cache miss)
430 silly packumentCache full:https://registry.npmjs.org/@exodus%2fbytes set size:undefined disposed:false
431 silly fetch manifest chalk@4.1.2
432 silly packumentCache full:https://registry.npmjs.org/chalk cache-miss
433 http fetch GET 200 https://registry.npmjs.org/win-guid 156ms (cache miss)
434 silly packumentCache full:https://registry.npmjs.org/win-guid set size:undefined disposed:false
435 silly fetch manifest cliui@8.0.1
436 silly packumentCache full:https://registry.npmjs.org/cliui cache-miss
437 http fetch GET 200 https://registry.npmjs.org/strtok3 354ms (cache miss)
438 silly packumentCache full:https://registry.npmjs.org/strtok3 set size:undefined disposed:false
439 silly fetch manifest clone@1.0.4
440 silly packumentCache full:https://registry.npmjs.org/clone cache-miss
441 http fetch GET 200 https://registry.npmjs.org/media-typer 144ms (cache miss)
442 silly packumentCache full:https://registry.npmjs.org/media-typer set size:undefined disposed:false
443 silly fetch manifest debug@4.4.3
444 silly packumentCache full:https://registry.npmjs.org/debug cache-miss
445 http fetch GET 200 https://registry.npmjs.org/@csstools%2fcss-syntax-patches-for-csstree 196ms (cache miss)
446 silly packumentCache full:https://registry.npmjs.org/@csstools%2fcss-syntax-patches-for-csstree set size:undefined disposed:false
447 silly fetch manifest isexe@2.0.0
448 silly packumentCache full:https://registry.npmjs.org/isexe cache-miss
449 http fetch GET 200 https://registry.npmjs.org/debug 200ms (cache miss)
450 silly packumentCache full:https://registry.npmjs.org/debug set size:undefined disposed:false
451 silly fetch manifest json5@2.2.3
452 silly packumentCache full:https://registry.npmjs.org/json5 cache-miss
453 http fetch GET 200 https://registry.npmjs.org/@asamuzakjp%2fcss-color 231ms (cache miss)
454 silly packumentCache full:https://registry.npmjs.org/@asamuzakjp%2fcss-color set size:undefined disposed:false
455 silly fetch manifest tslib@2.8.1
456 silly packumentCache full:https://registry.npmjs.org/tslib cache-miss
457 http fetch GET 200 https://registry.npmjs.org/lru-cache 312ms (cache miss)
458 silly packumentCache full:https://registry.npmjs.org/lru-cache set size:undefined disposed:false
459 silly fetch manifest which@3.0.1
460 silly packumentCache full:https://registry.npmjs.org/which cache-miss
461 http fetch GET 200 https://registry.npmjs.org/content-type 162ms (cache miss)
462 silly packumentCache full:https://registry.npmjs.org/content-type set size:undefined disposed:false
463 silly fetch manifest yargs@17.7.2
464 silly packumentCache full:https://registry.npmjs.org/yargs cache-miss
465 http fetch GET 200 https://registry.npmjs.org/@borewit%2ftext-codec 154ms (cache miss)
466 silly packumentCache full:https://registry.npmjs.org/@borewit%2ftext-codec set size:undefined disposed:false
467 silly fetch manifest buffer@5.7.1
468 silly packumentCache full:https://registry.npmjs.org/buffer cache-miss
469 http fetch GET 200 https://registry.npmjs.org/@tokenizer%2ftoken 165ms (cache miss)
470 silly packumentCache full:https://registry.npmjs.org/@tokenizer%2ftoken set size:undefined disposed:false
471 silly fetch manifest dotenv@16.4.7
472 silly packumentCache full:https://registry.npmjs.org/dotenv cache-miss
473 http fetch GET 200 https://registry.npmjs.org/gopd 137ms (cache miss)
474 silly packumentCache full:https://registry.npmjs.org/gopd set size:undefined disposed:false
475 silly fetch manifest hasown@2.0.4
476 silly packumentCache full:https://registry.npmjs.org/hasown cache-miss
477 http fetch GET 200 https://registry.npmjs.org/flat 140ms (cache miss)
478 silly packumentCache full:https://registry.npmjs.org/flat set size:undefined disposed:false
479 silly fetch manifest ignore@7.0.5
480 silly packumentCache full:https://registry.npmjs.org/ignore cache-miss
481 http fetch GET 200 https://registry.npmjs.org/tmp 154ms (cache miss)
482 silly packumentCache full:https://registry.npmjs.org/tmp set size:undefined disposed:false
483 silly fetch manifest is-wsl@3.1.0
484 silly packumentCache full:https://registry.npmjs.org/is-wsl cache-miss
485 http fetch GET 200 https://registry.npmjs.org/@babel%2fcore 658ms (cache miss)
486 silly packumentCache full:https://registry.npmjs.org/@babel%2fcore set size:undefined disposed:false
487 silly fetch manifest semver@7.8.4
488 silly packumentCache full:https://registry.npmjs.org/semver cache-miss
489 http fetch GET 200 https://registry.npmjs.org/once 146ms (cache miss)
490 silly packumentCache full:https://registry.npmjs.org/once set size:undefined disposed:false
491 silly fetch manifest wrappy@1.0.2
492 silly packumentCache full:https://registry.npmjs.org/wrappy cache-miss
493 http fetch GET 200 https://registry.npmjs.org/ms 181ms (cache miss)
494 silly packumentCache full:https://registry.npmjs.org/ms set size:undefined disposed:false
495 silly fetch manifest figures@3.2.0
496 silly packumentCache full:https://registry.npmjs.org/figures cache-miss
497 http cache https://registry.npmjs.org/chalk 99ms (cache hit)
498 silly packumentCache full:https://registry.npmjs.org/chalk set size:134775 disposed:false
499 silly fetch manifest ieee754@1.2.1
500 silly packumentCache full:https://registry.npmjs.org/ieee754 cache-miss
501 http fetch GET 200 https://registry.npmjs.org/ora 193ms (cache miss)
502 silly packumentCache full:https://registry.npmjs.org/ora set size:undefined disposed:false
503 silly fetch manifest mime-db@1.52.0
504 silly packumentCache full:https://registry.npmjs.org/mime-db cache-miss
505 http fetch GET 200 https://registry.npmjs.org/@babel%2fpreset-env 694ms (cache miss)
506 silly packumentCache full:https://registry.npmjs.org/@babel%2fpreset-env set size:undefined disposed:false
507 silly fetch manifest onetime@5.1.2
508 silly packumentCache full:https://registry.npmjs.org/onetime cache-miss
509 http fetch GET 200 https://registry.npmjs.org/y18n 160ms (cache miss)
510 silly packumentCache full:https://registry.npmjs.org/y18n set size:undefined disposed:false
511 silly fetch manifest wcwidth@1.0.1
512 silly packumentCache full:https://registry.npmjs.org/wcwidth cache-miss
513 http cache https://registry.npmjs.org/tslib 99ms (cache hit)
514 silly packumentCache full:https://registry.npmjs.org/tslib set size:108843 disposed:false
515 silly fetch manifest argparse@2.0.1
516 silly packumentCache full:https://registry.npmjs.org/argparse cache-miss
517 http fetch GET 200 https://registry.npmjs.org/ejs 224ms (cache miss)
518 silly packumentCache full:https://registry.npmjs.org/ejs set size:undefined disposed:false
519 silly fetch manifest asynckit@0.4.0
520 silly packumentCache full:https://registry.npmjs.org/asynckit cache-miss
521 http fetch GET 200 https://registry.npmjs.org/isexe 119ms (cache miss)
522 silly packumentCache full:https://registry.npmjs.org/isexe set size:undefined disposed:false
523 silly fetch manifest defaults@1.0.4
524 silly packumentCache full:https://registry.npmjs.org/defaults cache-miss
525 http fetch GET 200 https://registry.npmjs.org/cliui 137ms (cache miss)
526 silly packumentCache full:https://registry.npmjs.org/cliui set size:undefined disposed:false
527 silly fetch manifest enquirer@2.3.6
528 silly packumentCache full:https://registry.npmjs.org/enquirer cache-miss
529 http fetch GET 200 https://registry.npmjs.org/bl 237ms (cache miss)
530 silly packumentCache full:https://registry.npmjs.org/bl set size:undefined disposed:false
531 silly fetch manifest escalade@3.2.0
532 silly packumentCache full:https://registry.npmjs.org/escalade cache-miss
533 http fetch GET 200 https://registry.npmjs.org/strtok3 309ms (cache miss)
534 silly packumentCache full:https://registry.npmjs.org/strtok3 set size:undefined disposed:false
535 silly fetch manifest has-flag@4.0.0
536 silly packumentCache full:https://registry.npmjs.org/has-flag cache-miss
537 http fetch GET 200 https://registry.npmjs.org/clone 149ms (cache miss)
538 silly packumentCache full:https://registry.npmjs.org/clone set size:undefined disposed:false
539 silly fetch manifest inherits@2.0.4
540 silly packumentCache full:https://registry.npmjs.org/inherits cache-miss
541 http fetch GET 200 https://registry.npmjs.org/open 207ms (cache miss)
542 silly packumentCache full:https://registry.npmjs.org/open set size:undefined disposed:false
543 silly fetch manifest mimic-fn@2.1.0
544 silly packumentCache full:https://registry.npmjs.org/mimic-fn cache-miss
545 http cache https://registry.npmjs.org/ignore 112ms (cache hit)
546 silly packumentCache full:https://registry.npmjs.org/ignore set size:240910 disposed:false
547 silly fetch manifest minimist@1.2.8
548 silly packumentCache full:https://registry.npmjs.org/minimist cache-miss
549 http fetch GET 200 https://registry.npmjs.org/json5 152ms (cache miss)
550 silly packumentCache full:https://registry.npmjs.org/json5 set size:undefined disposed:false
551 silly fetch manifest path-key@3.1.1
552 silly packumentCache full:https://registry.npmjs.org/path-key cache-miss
553 http fetch GET 200 https://registry.npmjs.org/which 152ms (cache miss)
554 silly packumentCache full:https://registry.npmjs.org/which set size:undefined disposed:false
555 silly fetch manifest base64-js@1.5.1
556 silly packumentCache full:https://registry.npmjs.org/base64-js cache-miss
557 http cache https://registry.npmjs.org/semver 113ms (cache hit)
558 silly packumentCache full:https://registry.npmjs.org/semver set size:246069 disposed:false
559 silly fetch manifest es-errors@1.3.0
560 silly packumentCache full:https://registry.npmjs.org/es-errors cache-miss
561 http fetch GET 200 https://registry.npmjs.org/debug 191ms (cache miss)
562 silly packumentCache full:https://registry.npmjs.org/debug set size:undefined disposed:false
563 silly fetch manifest form-data@4.0.6
564 silly packumentCache full:https://registry.npmjs.org/form-data cache-miss
565 http fetch GET 200 https://registry.npmjs.org/@asamuzakjp%2fdom-selector 392ms (cache miss)
566 silly packumentCache full:https://registry.npmjs.org/@asamuzakjp%2fdom-selector set size:undefined disposed:false
567 silly fetch manifest get-proto@1.0.1
568 silly packumentCache full:https://registry.npmjs.org/get-proto cache-miss
569 http fetch GET 200 https://registry.npmjs.org/is-wsl 141ms (cache miss)
570 silly packumentCache full:https://registry.npmjs.org/is-wsl set size:undefined disposed:false
571 silly fetch manifest is-docker@3.0.0
572 silly packumentCache full:https://registry.npmjs.org/is-docker cache-miss
573 http fetch GET 200 https://registry.npmjs.org/hasown 158ms (cache miss)
574 silly packumentCache full:https://registry.npmjs.org/hasown set size:undefined disposed:false
575 silly fetch manifest minimatch@10.2.5
576 silly packumentCache full:https://registry.npmjs.org/minimatch cache-miss
577 http fetch GET 200 https://registry.npmjs.org/wrappy 139ms (cache miss)
578 silly packumentCache full:https://registry.npmjs.org/wrappy set size:undefined disposed:false
579 silly fetch manifest smol-toml@1.6.1
580 silly packumentCache full:https://registry.npmjs.org/smol-toml cache-miss
581 http fetch GET 200 https://registry.npmjs.org/figures 137ms (cache miss)
582 silly packumentCache full:https://registry.npmjs.org/figures set size:undefined disposed:false
583 silly fetch manifest strip-bom@3.0.0
584 silly packumentCache full:https://registry.npmjs.org/strip-bom cache-miss
585 http fetch GET 200 https://registry.npmjs.org/onetime 116ms (cache miss)
586 silly packumentCache full:https://registry.npmjs.org/onetime set size:undefined disposed:false
587 silly fetch manifest wrap-ansi@7.0.0
588 silly packumentCache full:https://registry.npmjs.org/wrap-ansi cache-miss
589 http cache https://registry.npmjs.org/enquirer 99ms (cache hit)
590 silly packumentCache full:https://registry.npmjs.org/enquirer set size:203040 disposed:false
591 silly fetch manifest agent-base@6.0.2
592 silly packumentCache full:https://registry.npmjs.org/agent-base cache-miss
593 http fetch GET 200 https://registry.npmjs.org/ieee754 142ms (cache miss)
594 silly packumentCache full:https://registry.npmjs.org/ieee754 set size:undefined disposed:false
595 silly fetch manifest ansi-regex@5.0.1
596 silly packumentCache full:https://registry.npmjs.org/ansi-regex cache-miss
597 http fetch GET 200 https://registry.npmjs.org/defaults 106ms (cache miss)
598 silly packumentCache full:https://registry.npmjs.org/defaults set size:undefined disposed:false
599 silly fetch manifest cli-cursor@3.1.0
600 silly packumentCache full:https://registry.npmjs.org/cli-cursor cache-miss
601 http fetch GET 200 https://registry.npmjs.org/wcwidth 115ms (cache miss)
602 silly packumentCache full:https://registry.npmjs.org/wcwidth set size:undefined disposed:false
603 silly fetch manifest color-name@1.1.4
604 silly packumentCache full:https://registry.npmjs.org/color-name cache-miss
605 http fetch GET 200 https://registry.npmjs.org/has-flag 109ms (cache miss)
606 silly packumentCache full:https://registry.npmjs.org/has-flag set size:undefined disposed:false
607 silly fetch manifest mime-types@2.1.35
608 silly packumentCache full:https://registry.npmjs.org/mime-types cache-miss
609 http fetch GET 200 https://registry.npmjs.org/escalade 114ms (cache miss)
610 silly packumentCache full:https://registry.npmjs.org/escalade set size:undefined disposed:false
611 silly fetch manifest picocolors@1.1.1
612 silly packumentCache full:https://registry.npmjs.org/picocolors cache-miss
613 http fetch GET 200 https://registry.npmjs.org/asynckit 122ms (cache miss)
614 silly packumentCache full:https://registry.npmjs.org/asynckit set size:undefined disposed:false
615 silly fetch manifest strip-ansi@6.0.1
616 silly packumentCache full:https://registry.npmjs.org/strip-ansi cache-miss
617 http fetch GET 200 https://registry.npmjs.org/argparse 129ms (cache miss)
618 silly packumentCache full:https://registry.npmjs.org/argparse set size:undefined disposed:false
619 silly fetch manifest tar-stream@2.2.0
620 silly packumentCache full:https://registry.npmjs.org/tar-stream cache-miss
621 http fetch GET 200 https://registry.npmjs.org/inherits 102ms (cache miss)
622 silly packumentCache full:https://registry.npmjs.org/inherits set size:undefined disposed:false
623 silly fetch manifest ansi-colors@4.1.3
624 silly packumentCache full:https://registry.npmjs.org/ansi-colors cache-miss
625 http fetch GET 200 https://registry.npmjs.org/buffer 218ms (cache miss)
626 silly packumentCache full:https://registry.npmjs.org/buffer set size:undefined disposed:false
627 silly fetch manifest ansi-styles@4.3.0
628 silly packumentCache full:https://registry.npmjs.org/ansi-styles cache-miss
629 http fetch GET 200 https://registry.npmjs.org/mimic-fn 109ms (cache miss)
630 silly packumentCache full:https://registry.npmjs.org/mimic-fn set size:undefined disposed:false
631 silly fetch manifest bundle-name@4.1.0
632 silly packumentCache full:https://registry.npmjs.org/bundle-name cache-miss
633 http fetch GET 200 https://registry.npmjs.org/mime-db 179ms (cache miss)
634 silly packumentCache full:https://registry.npmjs.org/mime-db set size:undefined disposed:false
635 silly fetch manifest emoji-regex@8.0.0
636 silly packumentCache full:https://registry.npmjs.org/emoji-regex cache-miss
637 http fetch GET 200 https://registry.npmjs.org/dotenv 236ms (cache miss)
638 silly packumentCache full:https://registry.npmjs.org/dotenv set size:undefined disposed:false
639 silly fetch manifest has-symbols@1.1.0
640 silly packumentCache full:https://registry.npmjs.org/has-symbols cache-miss
641 http fetch GET 200 https://registry.npmjs.org/yaml 318ms (cache miss)
642 silly packumentCache full:https://registry.npmjs.org/yaml set size:undefined disposed:false
643 silly fetch manifest log-symbols@4.1.0
644 silly packumentCache full:https://registry.npmjs.org/log-symbols cache-miss
645 http fetch GET 200 https://registry.npmjs.org/path-key 122ms (cache miss)
646 silly packumentCache full:https://registry.npmjs.org/path-key set size:undefined disposed:false
647 silly fetch manifest safe-buffer@5.2.1
648 silly packumentCache full:https://registry.npmjs.org/safe-buffer cache-miss
649 http fetch GET 200 https://registry.npmjs.org/base64-js 117ms (cache miss)
650 silly packumentCache full:https://registry.npmjs.org/base64-js set size:undefined disposed:false
651 silly fetch manifest signal-exit@3.0.7
652 silly packumentCache full:https://registry.npmjs.org/signal-exit cache-miss
653 http fetch GET 200 https://registry.npmjs.org/es-errors 113ms (cache miss)
654 silly packumentCache full:https://registry.npmjs.org/es-errors set size:undefined disposed:false
655 silly fetch manifest @emnapi/core@1.4.5
656 silly packumentCache full:https://registry.npmjs.org/@emnapi%2fcore cache-miss
657 http fetch GET 200 https://registry.npmjs.org/minimist 142ms (cache miss)
658 silly packumentCache full:https://registry.npmjs.org/minimist set size:undefined disposed:false
659 silly fetch manifest cli-spinners@2.6.1
660 silly packumentCache full:https://registry.npmjs.org/cli-spinners cache-miss
661 http fetch GET 200 https://registry.npmjs.org/get-proto 106ms (cache miss)
662 silly packumentCache full:https://registry.npmjs.org/get-proto set size:undefined disposed:false
663 silly fetch manifest dunder-proto@1.0.1
664 silly packumentCache full:https://registry.npmjs.org/dunder-proto cache-miss
665 http fetch GET 200 https://registry.npmjs.org/is-docker 111ms (cache miss)
666 silly packumentCache full:https://registry.npmjs.org/is-docker set size:undefined disposed:false
667 silly fetch manifest fs-constants@1.0.0
668 silly packumentCache full:https://registry.npmjs.org/fs-constants cache-miss
669 http fetch GET 200 https://registry.npmjs.org/strip-bom 104ms (cache miss)
670 silly packumentCache full:https://registry.npmjs.org/strip-bom set size:undefined disposed:false
671 silly fetch manifest jsonc-parser@3.3.1
672 silly packumentCache full:https://registry.npmjs.org/jsonc-parser cache-miss
673 http fetch GET 200 https://registry.npmjs.org/ansi-regex 97ms (cache miss)
674 silly packumentCache full:https://registry.npmjs.org/ansi-regex set size:undefined disposed:false
675 silly fetch manifest npm-run-path@4.0.1
676 silly packumentCache full:https://registry.npmjs.org/npm-run-path cache-miss
677 http fetch GET 200 https://registry.npmjs.org/smol-toml 115ms (cache miss)
678 silly packumentCache full:https://registry.npmjs.org/smol-toml set size:undefined disposed:false
679 silly fetch manifest string-width@4.2.3
680 silly packumentCache full:https://registry.npmjs.org/string-width cache-miss
681 http cache https://registry.npmjs.org/picocolors 87ms (cache hit)
682 silly packumentCache full:https://registry.npmjs.org/picocolors set size:16648 disposed:false
683 silly fetch manifest color-convert@2.0.1
684 silly packumentCache full:https://registry.npmjs.org/color-convert cache-miss
685 http fetch GET 200 https://registry.npmjs.org/form-data 145ms (cache miss)
686 silly packumentCache full:https://registry.npmjs.org/form-data set size:undefined disposed:false
687 silly fetch manifest dotenv-expand@12.0.3
688 silly packumentCache full:https://registry.npmjs.org/dotenv-expand cache-miss
689 http fetch GET 200 https://registry.npmjs.org/agent-base 116ms (cache miss)
690 silly packumentCache full:https://registry.npmjs.org/agent-base set size:undefined disposed:false
691 silly fetch manifest end-of-stream@1.4.5
692 silly packumentCache full:https://registry.npmjs.org/end-of-stream cache-miss
693 http fetch GET 200 https://registry.npmjs.org/wrap-ansi 124ms (cache miss)
694 silly packumentCache full:https://registry.npmjs.org/wrap-ansi set size:undefined disposed:false
695 silly fetch manifest function-bind@1.1.2
696 silly packumentCache full:https://registry.npmjs.org/function-bind cache-miss
697 http fetch GET 200 https://registry.npmjs.org/color-name 120ms (cache miss)
698 silly packumentCache full:https://registry.npmjs.org/color-name set size:undefined disposed:false
699 silly fetch manifest get-intrinsic@1.3.0
700 silly packumentCache full:https://registry.npmjs.org/get-intrinsic cache-miss
701 http fetch GET 200 https://registry.npmjs.org/cli-cursor 124ms (cache miss)
702 silly packumentCache full:https://registry.npmjs.org/cli-cursor set size:undefined disposed:false
703 silly fetch manifest balanced-match@4.0.3
704 silly packumentCache full:https://registry.npmjs.org/balanced-match cache-miss
705 http fetch GET 200 https://registry.npmjs.org/strip-ansi 124ms (cache miss)
706 silly packumentCache full:https://registry.npmjs.org/strip-ansi set size:undefined disposed:false
707 silly fetch manifest delayed-stream@1.0.0
708 silly packumentCache full:https://registry.npmjs.org/delayed-stream cache-miss
709 http fetch GET 200 https://registry.npmjs.org/undici 712ms (cache miss)
710 silly packumentCache full:https://registry.npmjs.org/undici set size:undefined disposed:false
711 silly fetch manifest is-interactive@1.0.0
712 silly packumentCache full:https://registry.npmjs.org/is-interactive cache-miss
713 http cache https://registry.npmjs.org/emoji-regex 112ms (cache hit)
714 silly packumentCache full:https://registry.npmjs.org/emoji-regex set size:89064 disposed:false
715 silly fetch manifest proxy-from-env@2.1.0
716 silly packumentCache full:https://registry.npmjs.org/proxy-from-env cache-miss
717 http fetch GET 200 https://registry.npmjs.org/bundle-name 128ms (cache miss)
718 silly packumentCache full:https://registry.npmjs.org/bundle-name set size:undefined disposed:false
719 silly fetch manifest restore-cursor@3.1.0
720 silly packumentCache full:https://registry.npmjs.org/restore-cursor cache-miss
721 http fetch GET 200 https://registry.npmjs.org/has-symbols 121ms (cache miss)
722 silly packumentCache full:https://registry.npmjs.org/has-symbols set size:undefined disposed:false
723 silly fetch manifest string_decoder@1.3.0
724 silly packumentCache full:https://registry.npmjs.org/string_decoder cache-miss
725 http fetch GET 200 https://registry.npmjs.org/ansi-colors 152ms (cache miss)
726 silly packumentCache full:https://registry.npmjs.org/ansi-colors set size:undefined disposed:false
727 silly fetch manifest supports-color@7.2.0
728 silly packumentCache full:https://registry.npmjs.org/supports-color cache-miss
729 http fetch GET 200 https://registry.npmjs.org/ansi-styles 149ms (cache miss)
730 silly packumentCache full:https://registry.npmjs.org/ansi-styles set size:undefined disposed:false
731 silly fetch manifest tsconfig-paths@4.2.0
732 silly packumentCache full:https://registry.npmjs.org/tsconfig-paths cache-miss
733 http fetch GET 200 https://registry.npmjs.org/mime-types 169ms (cache miss)
734 silly packumentCache full:https://registry.npmjs.org/mime-types set size:undefined disposed:false
735 silly fetch manifest util-deprecate@1.0.2
736 silly packumentCache full:https://registry.npmjs.org/util-deprecate cache-miss
737 http fetch GET 200 https://registry.npmjs.org/safe-buffer 125ms (cache miss)
738 silly packumentCache full:https://registry.npmjs.org/safe-buffer set size:undefined disposed:false
739 silly fetch manifest @emnapi/runtime@1.4.5
740 silly packumentCache full:https://registry.npmjs.org/@emnapi%2fruntime cache-miss
741 http fetch GET 200 https://registry.npmjs.org/dunder-proto 115ms (cache miss)
742 silly packumentCache full:https://registry.npmjs.org/dunder-proto set size:undefined disposed:false
743 silly fetch manifest brace-expansion@5.0.8
744 silly packumentCache full:https://registry.npmjs.org/brace-expansion cache-miss
745 http fetch GET 200 https://registry.npmjs.org/tar-stream 174ms (cache miss)
746 silly packumentCache full:https://registry.npmjs.org/tar-stream set size:undefined disposed:false
747 silly fetch manifest combined-stream@1.0.8
748 silly packumentCache full:https://registry.npmjs.org/combined-stream cache-miss
749 http fetch GET 200 https://registry.npmjs.org/log-symbols 144ms (cache miss)
750 silly packumentCache full:https://registry.npmjs.org/log-symbols set size:undefined disposed:false
751 silly fetch manifest default-browser@5.2.1
752 silly packumentCache full:https://registry.npmjs.org/default-browser cache-miss
753 http fetch GET 200 https://registry.npmjs.org/signal-exit 134ms (cache miss)
754 silly packumentCache full:https://registry.npmjs.org/signal-exit set size:undefined disposed:false
755 silly fetch manifest es-object-atoms@1.1.1
756 silly packumentCache full:https://registry.npmjs.org/es-object-atoms cache-miss
757 http cache https://registry.npmjs.org/jsonc-parser 118ms (cache hit)
758 silly packumentCache full:https://registry.npmjs.org/jsonc-parser set size:102715 disposed:false
759 silly fetch manifest get-caller-file@2.0.5
760 silly packumentCache full:https://registry.npmjs.org/get-caller-file cache-miss
761 http fetch GET 200 https://registry.npmjs.org/fs-constants 125ms (cache miss)
762 silly packumentCache full:https://registry.npmjs.org/fs-constants set size:undefined disposed:false
763 silly fetch manifest has-tostringtag@1.0.2
764 silly packumentCache full:https://registry.npmjs.org/has-tostringtag cache-miss
765 http fetch GET 200 https://registry.npmjs.org/axios 471ms (cache miss)
766 silly packumentCache full:https://registry.npmjs.org/axios set size:undefined disposed:false
767 silly fetch manifest math-intrinsics@1.1.0
768 silly packumentCache full:https://registry.npmjs.org/math-intrinsics cache-miss
769 http cache https://registry.npmjs.org/npm-run-path 129ms (cache hit)
770 silly packumentCache full:https://registry.npmjs.org/npm-run-path set size:33596 disposed:false
771 silly fetch manifest readable-stream@3.6.2
772 silly packumentCache full:https://registry.npmjs.org/readable-stream cache-miss
773 http fetch GET 200 https://registry.npmjs.org/minimatch 264ms (cache miss)
774 silly packumentCache full:https://registry.npmjs.org/minimatch set size:undefined disposed:false
775 silly fetch manifest resolve.exports@2.0.3
776 silly packumentCache full:https://registry.npmjs.org/resolve.exports cache-miss
777 http fetch GET 200 https://registry.npmjs.org/cli-spinners 166ms (cache miss)
778 silly packumentCache full:https://registry.npmjs.org/cli-spinners set size:undefined disposed:false
779 silly fetch manifest run-applescript@7.0.0
780 silly packumentCache full:https://registry.npmjs.org/run-applescript cache-miss
781 http fetch GET 200 https://registry.npmjs.org/end-of-stream 127ms (cache miss)
782 silly packumentCache full:https://registry.npmjs.org/end-of-stream set size:undefined disposed:false
783 silly fetch manifest @tybys/wasm-util@0.9.0
784 silly packumentCache full:https://registry.npmjs.org/@tybys%2fwasm-util cache-miss
785 http fetch GET 200 https://registry.npmjs.org/yargs 443ms (cache miss)
786 silly packumentCache full:https://registry.npmjs.org/yargs set size:undefined disposed:false
787 silly fetch manifest define-lazy-prop@3.0.0
788 silly packumentCache full:https://registry.npmjs.org/define-lazy-prop cache-miss
789 http fetch GET 200 https://registry.npmjs.org/color-convert 150ms (cache miss)
790 silly packumentCache full:https://registry.npmjs.org/color-convert set size:undefined disposed:false
791 silly fetch manifest follow-redirects@1.16.0
792 silly packumentCache full:https://registry.npmjs.org/follow-redirects cache-miss
793 http fetch GET 200 https://registry.npmjs.org/@emnapi%2fcore 187ms (cache miss)
794 silly packumentCache full:https://registry.npmjs.org/@emnapi%2fcore set size:undefined disposed:false
795 silly fetch manifest @yarnpkg/lockfile@1.1.0
796 silly packumentCache full:https://registry.npmjs.org/@yarnpkg%2flockfile cache-miss
797 http fetch GET 200 https://registry.npmjs.org/function-bind 139ms (cache miss)
798 silly packumentCache full:https://registry.npmjs.org/function-bind set size:undefined disposed:false
799 silly fetch manifest https-proxy-agent@5.0.1
800 silly packumentCache full:https://registry.npmjs.org/https-proxy-agent cache-miss
801 http fetch GET 200 https://registry.npmjs.org/string-width 160ms (cache miss)
802 silly packumentCache full:https://registry.npmjs.org/string-width set size:undefined disposed:false
803 silly fetch manifest lines-and-columns@2.0.3
804 silly packumentCache full:https://registry.npmjs.org/lines-and-columns cache-miss
805 http fetch GET 200 https://registry.npmjs.org/dotenv-expand 162ms (cache miss)
806 silly packumentCache full:https://registry.npmjs.org/dotenv-expand set size:undefined disposed:false
807 silly fetch manifest require-directory@2.1.1
808 silly packumentCache full:https://registry.npmjs.org/require-directory cache-miss
809 http fetch GET 200 https://registry.npmjs.org/balanced-match 150ms (cache miss)
810 silly packumentCache full:https://registry.npmjs.org/balanced-match set size:undefined disposed:false
811 silly fetch manifest default-browser-id@5.0.0
812 silly packumentCache full:https://registry.npmjs.org/default-browser-id cache-miss
813 http fetch GET 200 https://registry.npmjs.org/get-intrinsic 154ms (cache miss)
814 silly packumentCache full:https://registry.npmjs.org/get-intrinsic set size:undefined disposed:false
815 silly fetch manifest es-define-property@1.0.1
816 silly packumentCache full:https://registry.npmjs.org/es-define-property cache-miss
817 http fetch GET 200 https://registry.npmjs.org/delayed-stream 144ms (cache miss)
818 silly packumentCache full:https://registry.npmjs.org/delayed-stream set size:undefined disposed:false
819 silly fetch manifest es-set-tostringtag@2.1.0
820 silly packumentCache full:https://registry.npmjs.org/es-set-tostringtag cache-miss
821 http fetch GET 200 https://registry.npmjs.org/is-interactive 133ms (cache miss)
822 silly packumentCache full:https://registry.npmjs.org/is-interactive set size:undefined disposed:false
823 silly fetch manifest is-inside-container@1.0.0
824 silly packumentCache full:https://registry.npmjs.org/is-inside-container cache-miss
825 http fetch GET 200 https://registry.npmjs.org/util-deprecate 106ms (cache miss)
826 silly packumentCache full:https://registry.npmjs.org/util-deprecate set size:undefined disposed:false
827 silly fetch manifest @emnapi/wasi-threads@1.0.4
828 silly packumentCache full:https://registry.npmjs.org/@emnapi%2fwasi-threads cache-miss
829 http fetch GET 200 https://registry.npmjs.org/proxy-from-env 139ms (cache miss)
830 silly packumentCache full:https://registry.npmjs.org/proxy-from-env set size:undefined disposed:false
831 silly fetch manifest @jest/diff-sequences@30.0.1
832 silly packumentCache full:https://registry.npmjs.org/@jest%2fdiff-sequences cache-miss
833 http fetch GET 200 https://registry.npmjs.org/string_decoder 127ms (cache miss)
834 silly packumentCache full:https://registry.npmjs.org/string_decoder set size:undefined disposed:false
835 silly fetch manifest escape-string-regexp@1.0.5
836 silly packumentCache full:https://registry.npmjs.org/escape-string-regexp cache-miss
837 http fetch GET 200 https://registry.npmjs.org/restore-cursor 140ms (cache miss)
838 silly packumentCache full:https://registry.npmjs.org/restore-cursor set size:undefined disposed:false
839 silly fetch manifest is-unicode-supported@0.1.0
840 silly packumentCache full:https://registry.npmjs.org/is-unicode-supported cache-miss
841 http fetch GET 200 https://registry.npmjs.org/es-object-atoms 109ms (cache miss)
842 silly packumentCache full:https://registry.npmjs.org/es-object-atoms set size:undefined disposed:false
843 silly fetch manifest @napi-rs/wasm-runtime@0.2.4
844 silly packumentCache full:https://registry.npmjs.org/@napi-rs%2fwasm-runtime cache-miss
845 http fetch GET 200 https://registry.npmjs.org/default-browser 118ms (cache miss)
846 silly packumentCache full:https://registry.npmjs.org/default-browser set size:undefined disposed:false
847 silly fetch manifest call-bind-apply-helpers@1.0.2
848 silly packumentCache full:https://registry.npmjs.org/call-bind-apply-helpers cache-miss
849 http fetch GET 200 https://registry.npmjs.org/get-caller-file 111ms (cache miss)
850 silly packumentCache full:https://registry.npmjs.org/get-caller-file set size:undefined disposed:false
851 silly fetch manifest is-fullwidth-code-point@3.0.0
852 silly packumentCache full:https://registry.npmjs.org/is-fullwidth-code-point cache-miss
853 http fetch GET 200 https://registry.npmjs.org/supports-color 144ms (cache miss)
854 silly packumentCache full:https://registry.npmjs.org/supports-color set size:undefined disposed:false
855 silly fetch manifest @nx/nx-darwin-x64@23.1.1
856 silly packumentCache full:https://registry.npmjs.org/@nx%2fnx-darwin-x64 cache-miss
857 http fetch GET 200 https://registry.npmjs.org/has-tostringtag 112ms (cache miss)
858 silly packumentCache full:https://registry.npmjs.org/has-tostringtag set size:undefined disposed:false
859 silly fetch manifest @nx/nx-freebsd-x64@23.1.1
860 silly packumentCache full:https://registry.npmjs.org/@nx%2fnx-freebsd-x64 cache-miss
861 http fetch GET 200 https://registry.npmjs.org/combined-stream 130ms (cache miss)
862 silly packumentCache full:https://registry.npmjs.org/combined-stream set size:undefined disposed:false
863 silly fetch manifest @nx/nx-darwin-arm64@23.1.1
864 silly packumentCache full:https://registry.npmjs.org/@nx%2fnx-darwin-arm64 cache-miss
865 http fetch GET 200 https://registry.npmjs.org/math-intrinsics 111ms (cache miss)
866 silly packumentCache full:https://registry.npmjs.org/math-intrinsics set size:undefined disposed:false
867 silly fetch manifest @nx/nx-linux-x64-gnu@23.1.1
868 silly packumentCache full:https://registry.npmjs.org/@nx%2fnx-linux-x64-gnu cache-miss
869 http fetch GET 200 https://registry.npmjs.org/define-lazy-prop 82ms (cache miss)
870 silly packumentCache full:https://registry.npmjs.org/define-lazy-prop set size:undefined disposed:false
871 silly fetch manifest @nx/nx-linux-x64-musl@23.1.1
872 silly packumentCache full:https://registry.npmjs.org/@nx%2fnx-linux-x64-musl cache-miss
873 http fetch GET 200 https://registry.npmjs.org/run-applescript 99ms (cache miss)
874 silly packumentCache full:https://registry.npmjs.org/run-applescript set size:undefined disposed:false
875 silly fetch manifest @nx/nx-win32-x64-msvc@23.1.1
876 silly packumentCache full:https://registry.npmjs.org/@nx%2fnx-win32-x64-msvc cache-miss
877 http fetch GET 200 https://registry.npmjs.org/brace-expansion 150ms (cache miss)
878 silly packumentCache full:https://registry.npmjs.org/brace-expansion set size:undefined disposed:false
879 silly fetch manifest @nx/nx-linux-arm64-gnu@23.1.1
880 silly packumentCache full:https://registry.npmjs.org/@nx%2fnx-linux-arm64-gnu cache-miss
881 http fetch GET 200 https://registry.npmjs.org/@emnapi%2fruntime 164ms (cache miss)
882 silly packumentCache full:https://registry.npmjs.org/@emnapi%2fruntime set size:undefined disposed:false
883 silly fetch manifest @nx/nx-linux-arm64-musl@23.1.1
884 silly packumentCache full:https://registry.npmjs.org/@nx%2fnx-linux-arm64-musl cache-miss
885 http fetch GET 200 https://registry.npmjs.org/resolve.exports 114ms (cache miss)
886 silly packumentCache full:https://registry.npmjs.org/resolve.exports set size:undefined disposed:false
887 silly fetch manifest @nx/nx-win32-arm64-msvc@23.1.1
888 silly packumentCache full:https://registry.npmjs.org/@nx%2fnx-win32-arm64-msvc cache-miss
889 http fetch GET 200 https://registry.npmjs.org/tsconfig-paths 180ms (cache miss)
890 silly packumentCache full:https://registry.npmjs.org/tsconfig-paths set size:undefined disposed:false
891 silly fetch manifest @nx/nx-linux-arm-gnueabihf@23.1.1
892 silly packumentCache full:https://registry.npmjs.org/@nx%2fnx-linux-arm-gnueabihf cache-miss
893 http fetch GET 200 https://registry.npmjs.org/@yarnpkg%2flockfile 106ms (cache miss)
894 silly packumentCache full:https://registry.npmjs.org/@yarnpkg%2flockfile set size:undefined disposed:false
895 silly fetch manifest entities@^8.0.0
896 silly packumentCache full:https://registry.npmjs.org/entities cache-miss
897 http fetch GET 200 https://registry.npmjs.org/default-browser-id 87ms (cache miss)
898 silly packumentCache full:https://registry.npmjs.org/default-browser-id set size:undefined disposed:false
899 silly fetch manifest pgpass@1.0.5
900 silly packumentCache full:https://registry.npmjs.org/pgpass cache-miss
901 http fetch GET 200 https://registry.npmjs.org/@tybys%2fwasm-util 122ms (cache miss)
902 silly packumentCache full:https://registry.npmjs.org/@tybys%2fwasm-util set size:undefined disposed:false
903 silly fetch manifest pg-pool@^3.14.0
904 silly packumentCache full:https://registry.npmjs.org/pg-pool cache-miss
905 http fetch GET 200 https://registry.npmjs.org/require-directory 99ms (cache miss)
906 silly packumentCache full:https://registry.npmjs.org/require-directory set size:undefined disposed:false
907 silly fetch manifest pg-types@2.2.0
908 silly packumentCache full:https://registry.npmjs.org/pg-types cache-miss
909 http fetch GET 200 https://registry.npmjs.org/is-inside-container 88ms (cache miss)
910 silly packumentCache full:https://registry.npmjs.org/is-inside-container set size:undefined disposed:false
911 silly fetch manifest pg-protocol@^1.16.0
912 silly packumentCache full:https://registry.npmjs.org/pg-protocol cache-miss
913 http fetch GET 200 https://registry.npmjs.org/lines-and-columns 116ms (cache miss)
914 silly packumentCache full:https://registry.npmjs.org/lines-and-columns set size:undefined disposed:false
915 silly fetch manifest pg-connection-string@^2.14.0
916 silly packumentCache full:https://registry.npmjs.org/pg-connection-string cache-miss
917 http fetch GET 200 https://registry.npmjs.org/https-proxy-agent 121ms (cache miss)
918 silly packumentCache full:https://registry.npmjs.org/https-proxy-agent set size:undefined disposed:false
919 silly fetch manifest pg-cloudflare@^1.4.0
920 silly packumentCache full:https://registry.npmjs.org/pg-cloudflare cache-miss
921 http fetch GET 200 https://registry.npmjs.org/es-define-property 103ms (cache miss)
922 silly packumentCache full:https://registry.npmjs.org/es-define-property set size:undefined disposed:false
923 silly fetch manifest @img/colour@^1.1.0
924 silly packumentCache full:https://registry.npmjs.org/@img%2fcolour cache-miss
925 http fetch GET 200 https://registry.npmjs.org/es-set-tostringtag 103ms (cache miss)
926 silly packumentCache full:https://registry.npmjs.org/es-set-tostringtag set size:undefined disposed:false
927 silly fetch manifest detect-libc@^2.1.2
928 silly packumentCache full:https://registry.npmjs.org/detect-libc cache-miss
929 http fetch GET 200 https://registry.npmjs.org/escape-string-regexp 93ms (cache miss)
930 silly packumentCache full:https://registry.npmjs.org/escape-string-regexp set size:undefined disposed:false
931 silly fetch manifest semver@^7.8.5
932 silly packumentCache full:https://registry.npmjs.org/semver cache-hit
933 silly fetch manifest @img/sharp-darwin-arm64@0.35.3
934 silly packumentCache full:https://registry.npmjs.org/@img%2fsharp-darwin-arm64 cache-miss
935 http fetch GET 200 https://registry.npmjs.org/readable-stream 175ms (cache miss)
936 silly packumentCache full:https://registry.npmjs.org/readable-stream set size:undefined disposed:false
937 silly fetch manifest @img/sharp-darwin-x64@0.35.3
938 silly packumentCache full:https://registry.npmjs.org/@img%2fsharp-darwin-x64 cache-miss
939 http fetch GET 200 https://registry.npmjs.org/follow-redirects 155ms (cache miss)
940 silly packumentCache full:https://registry.npmjs.org/follow-redirects set size:undefined disposed:false
941 silly fetch manifest @img/sharp-freebsd-wasm32@0.35.3
942 silly packumentCache full:https://registry.npmjs.org/@img%2fsharp-freebsd-wasm32 cache-miss
943 http fetch GET 200 https://registry.npmjs.org/call-bind-apply-helpers 105ms (cache miss)
944 silly packumentCache full:https://registry.npmjs.org/call-bind-apply-helpers set size:undefined disposed:false
945 silly fetch manifest @img/sharp-libvips-darwin-arm64@1.3.2
946 silly packumentCache full:https://registry.npmjs.org/@img%2fsharp-libvips-darwin-arm64 cache-miss
947 http fetch GET 200 https://registry.npmjs.org/@jest%2fdiff-sequences 123ms (cache miss)
948 silly packumentCache full:https://registry.npmjs.org/@jest%2fdiff-sequences set size:undefined disposed:false
949 silly fetch manifest @img/sharp-libvips-darwin-x64@1.3.2
950 silly packumentCache full:https://registry.npmjs.org/@img%2fsharp-libvips-darwin-x64 cache-miss
951 http fetch GET 200 https://registry.npmjs.org/is-fullwidth-code-point 105ms (cache miss)
952 silly packumentCache full:https://registry.npmjs.org/is-fullwidth-code-point set size:undefined disposed:false
953 silly fetch manifest @img/sharp-libvips-linux-arm@1.3.2
954 silly packumentCache full:https://registry.npmjs.org/@img%2fsharp-libvips-linux-arm cache-miss
955 http fetch GET 200 https://registry.npmjs.org/is-unicode-supported 119ms (cache miss)
956 silly packumentCache full:https://registry.npmjs.org/is-unicode-supported set size:undefined disposed:false
957 silly fetch manifest @img/sharp-libvips-linux-arm64@1.3.2
958 silly packumentCache full:https://registry.npmjs.org/@img%2fsharp-libvips-linux-arm64 cache-miss
959 http fetch GET 200 https://registry.npmjs.org/@emnapi%2fwasi-threads 146ms (cache miss)
960 silly packumentCache full:https://registry.npmjs.org/@emnapi%2fwasi-threads set size:undefined disposed:false
961 silly fetch manifest @img/sharp-libvips-linux-ppc64@1.3.2
962 silly packumentCache full:https://registry.npmjs.org/@img%2fsharp-libvips-linux-ppc64 cache-miss
963 http fetch GET 200 https://registry.npmjs.org/@napi-rs%2fwasm-runtime 132ms (cache miss)
964 silly packumentCache full:https://registry.npmjs.org/@napi-rs%2fwasm-runtime set size:undefined disposed:false
965 silly fetch manifest @img/sharp-libvips-linux-riscv64@1.3.2
966 silly packumentCache full:https://registry.npmjs.org/@img%2fsharp-libvips-linux-riscv64 cache-miss
967 http fetch GET 200 https://registry.npmjs.org/pg-protocol 115ms (cache miss)
968 silly packumentCache full:https://registry.npmjs.org/pg-protocol set size:undefined disposed:false
969 silly fetch manifest @img/sharp-libvips-linux-s390x@1.3.2
970 silly packumentCache full:https://registry.npmjs.org/@img%2fsharp-libvips-linux-s390x cache-miss
971 http fetch GET 200 https://registry.npmjs.org/pg-cloudflare 112ms (cache miss)
972 silly packumentCache full:https://registry.npmjs.org/pg-cloudflare set size:undefined disposed:false
973 silly fetch manifest @img/sharp-libvips-linux-x64@1.3.2
974 silly packumentCache full:https://registry.npmjs.org/@img%2fsharp-libvips-linux-x64 cache-miss
975 http fetch GET 200 https://registry.npmjs.org/pgpass 131ms (cache miss)
976 silly packumentCache full:https://registry.npmjs.org/pgpass set size:undefined disposed:false
977 silly fetch manifest @img/sharp-libvips-linuxmusl-arm64@1.3.2
978 silly packumentCache full:https://registry.npmjs.org/@img%2fsharp-libvips-linuxmusl-arm64 cache-miss
979 http fetch GET 200 https://registry.npmjs.org/pg-types 127ms (cache miss)
980 silly packumentCache full:https://registry.npmjs.org/pg-types set size:undefined disposed:false
981 silly fetch manifest @img/sharp-libvips-linuxmusl-x64@1.3.2
982 silly packumentCache full:https://registry.npmjs.org/@img%2fsharp-libvips-linuxmusl-x64 cache-miss
983 http fetch GET 200 https://registry.npmjs.org/entities 142ms (cache miss)
984 silly packumentCache full:https://registry.npmjs.org/entities set size:undefined disposed:false
985 silly fetch manifest @img/sharp-linux-arm@0.35.3
986 silly packumentCache full:https://registry.npmjs.org/@img%2fsharp-linux-arm cache-miss
987 http fetch GET 200 https://registry.npmjs.org/detect-libc 121ms (cache miss)
988 silly packumentCache full:https://registry.npmjs.org/detect-libc set size:undefined disposed:false
989 silly fetch manifest @img/sharp-linux-arm64@0.35.3
990 silly packumentCache full:https://registry.npmjs.org/@img%2fsharp-linux-arm64 cache-miss
991 http fetch GET 200 https://registry.npmjs.org/pg-pool 145ms (cache miss)
992 silly packumentCache full:https://registry.npmjs.org/pg-pool set size:undefined disposed:false
993 silly fetch manifest @img/sharp-linux-ppc64@0.35.3
994 silly packumentCache full:https://registry.npmjs.org/@img%2fsharp-linux-ppc64 cache-miss
995 http fetch GET 200 https://registry.npmjs.org/@img%2fcolour 134ms (cache miss)
996 silly packumentCache full:https://registry.npmjs.org/@img%2fcolour set size:undefined disposed:false
997 silly fetch manifest @img/sharp-linux-riscv64@0.35.3
998 silly packumentCache full:https://registry.npmjs.org/@img%2fsharp-linux-riscv64 cache-miss
999 http fetch GET 200 https://registry.npmjs.org/pg-connection-string 142ms (cache miss)
1000 silly packumentCache full:https://registry.npmjs.org/pg-connection-string set size:undefined disposed:false
1001 silly fetch manifest @img/sharp-linux-s390x@0.35.3
1002 silly packumentCache full:https://registry.npmjs.org/@img%2fsharp-linux-s390x cache-miss
1003 http fetch GET 200 https://registry.npmjs.org/@img%2fsharp-freebsd-wasm32 124ms (cache miss)
1004 silly packumentCache full:https://registry.npmjs.org/@img%2fsharp-freebsd-wasm32 set size:undefined disposed:false
1005 silly fetch manifest @img/sharp-linux-x64@0.35.3
1006 silly packumentCache full:https://registry.npmjs.org/@img%2fsharp-linux-x64 cache-miss
1007 http fetch GET 200 https://registry.npmjs.org/@img%2fsharp-darwin-x64 133ms (cache miss)
1008 silly packumentCache full:https://registry.npmjs.org/@img%2fsharp-darwin-x64 set size:undefined disposed:false
1009 silly fetch manifest @img/sharp-linuxmusl-arm64@0.35.3
1010 silly packumentCache full:https://registry.npmjs.org/@img%2fsharp-linuxmusl-arm64 cache-miss
1011 http fetch GET 200 https://registry.npmjs.org/@img%2fsharp-darwin-arm64 150ms (cache miss)
1012 silly packumentCache full:https://registry.npmjs.org/@img%2fsharp-darwin-arm64 set size:undefined disposed:false
1013 silly fetch manifest @img/sharp-linuxmusl-x64@0.35.3
1014 silly packumentCache full:https://registry.npmjs.org/@img%2fsharp-linuxmusl-x64 cache-miss
1015 http fetch GET 200 https://registry.npmjs.org/@img%2fsharp-libvips-darwin-arm64 129ms (cache miss)
1016 silly packumentCache full:https://registry.npmjs.org/@img%2fsharp-libvips-darwin-arm64 set size:undefined disposed:false
1017 silly fetch manifest @img/sharp-webcontainers-wasm32@0.35.3
1018 silly packumentCache full:https://registry.npmjs.org/@img%2fsharp-webcontainers-wasm32 cache-miss
1019 http fetch GET 200 https://registry.npmjs.org/@img%2fsharp-libvips-darwin-x64 135ms (cache miss)
1020 silly packumentCache full:https://registry.npmjs.org/@img%2fsharp-libvips-darwin-x64 set size:undefined disposed:false
1021 silly fetch manifest @img/sharp-win32-arm64@0.35.3
1022 silly packumentCache full:https://registry.npmjs.org/@img%2fsharp-win32-arm64 cache-miss
1023 http fetch GET 200 https://registry.npmjs.org/@img%2fsharp-libvips-linux-ppc64 125ms (cache miss)
1024 silly packumentCache full:https://registry.npmjs.org/@img%2fsharp-libvips-linux-ppc64 set size:undefined disposed:false
1025 silly fetch manifest @img/sharp-win32-ia32@0.35.3
1026 silly packumentCache full:https://registry.npmjs.org/@img%2fsharp-win32-ia32 cache-miss
1027 http fetch GET 200 https://registry.npmjs.org/@img%2fsharp-libvips-linux-riscv64 120ms (cache miss)
1028 silly packumentCache full:https://registry.npmjs.org/@img%2fsharp-libvips-linux-riscv64 set size:undefined disposed:false
1029 silly fetch manifest @img/sharp-win32-x64@0.35.3
1030 silly packumentCache full:https://registry.npmjs.org/@img%2fsharp-win32-x64 cache-miss
1031 http fetch GET 200 https://registry.npmjs.org/@img%2fsharp-libvips-linux-arm64 141ms (cache miss)
1032 silly packumentCache full:https://registry.npmjs.org/@img%2fsharp-libvips-linux-arm64 set size:undefined disposed:false
1033 silly fetch manifest commander@^12.0.0
1034 silly packumentCache full:https://registry.npmjs.org/commander cache-miss
1035 http fetch GET 200 https://registry.npmjs.org/@img%2fsharp-libvips-linux-arm 151ms (cache miss)
1036 silly packumentCache full:https://registry.npmjs.org/@img%2fsharp-libvips-linux-arm set size:undefined disposed:false
1037 silly fetch manifest ebml@^3.0.0
1038 silly packumentCache full:https://registry.npmjs.org/ebml cache-miss
1039 http fetch GET 200 https://registry.npmjs.org/@img%2fsharp-libvips-linux-s390x 98ms (cache miss)
1040 silly packumentCache full:https://registry.npmjs.org/@img%2fsharp-libvips-linux-s390x set size:undefined disposed:false
1041 silly fetch manifest ebml-block@^1.1.2
1042 silly packumentCache full:https://registry.npmjs.org/ebml-block cache-miss
1043 http fetch GET 200 https://registry.npmjs.org/@img%2fsharp-libvips-linuxmusl-arm64 106ms (cache miss)
1044 silly packumentCache full:https://registry.npmjs.org/@img%2fsharp-libvips-linuxmusl-arm64 set size:undefined disposed:false
1045 silly fetch manifest events@^3.3.0
1046 silly packumentCache full:https://registry.npmjs.org/events cache-miss
1047 http fetch GET 200 https://registry.npmjs.org/@img%2fsharp-libvips-linux-x64 113ms (cache miss)
1048 silly packumentCache full:https://registry.npmjs.org/@img%2fsharp-libvips-linux-x64 set size:undefined disposed:false
1049 silly fetch manifest int64-buffer@^1.0.1
1050 silly packumentCache full:https://registry.npmjs.org/int64-buffer cache-miss
1051 http fetch GET 200 https://registry.npmjs.org/@img%2fsharp-libvips-linuxmusl-x64 109ms (cache miss)
1052 silly packumentCache full:https://registry.npmjs.org/@img%2fsharp-libvips-linuxmusl-x64 set size:undefined disposed:false
1053 silly fetch manifest matroska-schema@^2.1.0
1054 silly packumentCache full:https://registry.npmjs.org/matroska-schema cache-miss
1055 http fetch GET 200 https://registry.npmjs.org/@img%2fsharp-linux-riscv64 100ms (cache miss)
1056 silly packumentCache full:https://registry.npmjs.org/@img%2fsharp-linux-riscv64 set size:undefined disposed:false
1057 http fetch GET 200 https://registry.npmjs.org/@img%2fsharp-linux-ppc64 107ms (cache miss)
1058 silly packumentCache full:https://registry.npmjs.org/@img%2fsharp-linux-ppc64 set size:undefined disposed:false
1059 http fetch GET 200 https://registry.npmjs.org/@img%2fsharp-linux-arm64 116ms (cache miss)
1060 silly packumentCache full:https://registry.npmjs.org/@img%2fsharp-linux-arm64 set size:undefined disposed:false
1061 http fetch GET 200 https://registry.npmjs.org/@img%2fsharp-linux-s390x 110ms (cache miss)
1062 silly packumentCache full:https://registry.npmjs.org/@img%2fsharp-linux-s390x set size:undefined disposed:false
1063 http fetch GET 200 https://registry.npmjs.org/@img%2fsharp-webcontainers-wasm32 81ms (cache miss)
1064 silly packumentCache full:https://registry.npmjs.org/@img%2fsharp-webcontainers-wasm32 set size:undefined disposed:false
1065 http fetch GET 200 https://registry.npmjs.org/@img%2fsharp-win32-arm64 81ms (cache miss)
1066 silly packumentCache full:https://registry.npmjs.org/@img%2fsharp-win32-arm64 set size:undefined disposed:false
1067 http fetch GET 200 https://registry.npmjs.org/@img%2fsharp-linux-x64 103ms (cache miss)
1068 silly packumentCache full:https://registry.npmjs.org/@img%2fsharp-linux-x64 set size:undefined disposed:false
1069 http fetch GET 200 https://registry.npmjs.org/@img%2fsharp-linux-arm 134ms (cache miss)
1070 silly packumentCache full:https://registry.npmjs.org/@img%2fsharp-linux-arm set size:undefined disposed:false
1071 http fetch GET 200 https://registry.npmjs.org/@img%2fsharp-linuxmusl-x64 96ms (cache miss)
1072 silly packumentCache full:https://registry.npmjs.org/@img%2fsharp-linuxmusl-x64 set size:undefined disposed:false
1073 http fetch GET 200 https://registry.npmjs.org/@img%2fsharp-linuxmusl-arm64 108ms (cache miss)
1074 silly packumentCache full:https://registry.npmjs.org/@img%2fsharp-linuxmusl-arm64 set size:undefined disposed:false
1075 http fetch GET 200 https://registry.npmjs.org/@img%2fsharp-win32-ia32 89ms (cache miss)
1076 silly packumentCache full:https://registry.npmjs.org/@img%2fsharp-win32-ia32 set size:undefined disposed:false
1077 http fetch GET 200 https://registry.npmjs.org/@img%2fsharp-win32-x64 90ms (cache miss)
1078 silly packumentCache full:https://registry.npmjs.org/@img%2fsharp-win32-x64 set size:undefined disposed:false
1079 http fetch GET 200 https://registry.npmjs.org/events 54ms (cache miss)
1080 silly packumentCache full:https://registry.npmjs.org/events set size:undefined disposed:false
1081 http fetch GET 200 https://registry.npmjs.org/int64-buffer 55ms (cache miss)
1082 silly packumentCache full:https://registry.npmjs.org/int64-buffer set size:undefined disposed:false
1083 http fetch GET 200 https://registry.npmjs.org/@babel%2fruntime 1504ms (cache miss)
1084 silly packumentCache full:https://registry.npmjs.org/@babel%2fruntime set size:undefined disposed:false
1085 http fetch GET 200 https://registry.npmjs.org/commander 140ms (cache miss)
1086 silly packumentCache full:https://registry.npmjs.org/commander set size:undefined disposed:false
1087 http fetch GET 200 https://registry.npmjs.org/ebml 142ms (cache miss)
1088 silly packumentCache full:https://registry.npmjs.org/ebml set size:undefined disposed:false
1089 http fetch GET 200 https://registry.npmjs.org/ebml-block 149ms (cache miss)
1090 silly packumentCache full:https://registry.npmjs.org/ebml-block set size:undefined disposed:false
1091 http fetch GET 200 https://registry.npmjs.org/matroska-schema 156ms (cache miss)
1092 silly packumentCache full:https://registry.npmjs.org/matroska-schema set size:undefined disposed:false
1093 http fetch GET 200 https://registry.npmjs.org/@nx%2fdevkit 1629ms (cache miss)
1094 silly packumentCache full:https://registry.npmjs.org/@nx%2fdevkit set size:undefined disposed:false
1095 http fetch GET 200 https://registry.npmjs.org/@nx%2fdevkit 1475ms (cache miss)
1096 silly packumentCache full:https://registry.npmjs.org/@nx%2fdevkit set size:undefined disposed:false
1097 http fetch GET 200 https://registry.npmjs.org/@nx%2fnx-freebsd-x64 607ms (cache miss)
1098 silly packumentCache full:https://registry.npmjs.org/@nx%2fnx-freebsd-x64 set size:undefined disposed:false
1099 http fetch GET 200 https://registry.npmjs.org/@nx%2fnx-darwin-x64 646ms (cache miss)
1100 silly packumentCache full:https://registry.npmjs.org/@nx%2fnx-darwin-x64 set size:undefined disposed:false
1101 http fetch GET 200 https://registry.npmjs.org/@nx%2fnx-linux-x64-gnu 673ms (cache miss)
1102 silly packumentCache full:https://registry.npmjs.org/@nx%2fnx-linux-x64-gnu set size:undefined disposed:false
1103 http fetch GET 200 https://registry.npmjs.org/@nx%2fnx-linux-x64-musl 691ms (cache miss)
1104 silly packumentCache full:https://registry.npmjs.org/@nx%2fnx-linux-x64-musl set size:undefined disposed:false
1105 http fetch GET 200 https://registry.npmjs.org/@nx%2fnx-darwin-arm64 721ms (cache miss)
1106 silly packumentCache full:https://registry.npmjs.org/@nx%2fnx-darwin-arm64 set size:undefined disposed:false
1107 http fetch GET 200 https://registry.npmjs.org/@nx%2fnx-linux-arm64-gnu 740ms (cache miss)
1108 silly packumentCache full:https://registry.npmjs.org/@nx%2fnx-linux-arm64-gnu set size:undefined disposed:false
1109 http fetch GET 200 https://registry.npmjs.org/@nx%2fnx-win32-arm64-msvc 753ms (cache miss)
1110 silly packumentCache full:https://registry.npmjs.org/@nx%2fnx-win32-arm64-msvc set size:undefined disposed:false
1111 http fetch GET 200 https://registry.npmjs.org/@nx%2fnx-win32-x64-msvc 787ms (cache miss)
1112 silly packumentCache full:https://registry.npmjs.org/@nx%2fnx-win32-x64-msvc set size:undefined disposed:false
1113 http fetch GET 200 https://registry.npmjs.org/@nx%2fnx-linux-arm-gnueabihf 804ms (cache miss)
1114 silly packumentCache full:https://registry.npmjs.org/@nx%2fnx-linux-arm-gnueabihf set size:undefined disposed:false
1115 http fetch GET 200 https://registry.npmjs.org/@nx%2fnx-linux-arm64-musl 836ms (cache miss)
1116 silly packumentCache full:https://registry.npmjs.org/@nx%2fnx-linux-arm64-musl set size:undefined disposed:false
1117 silly fetch manifest nx@>= 22 <= 24 || ^23.0.0-0
1118 silly packumentCache full:https://registry.npmjs.org/nx cache-miss
1119 http cache https://registry.npmjs.org/nx 31ms (cache hit)
1120 silly packumentCache full:https://registry.npmjs.org/nx set size:13066431 disposed:false
1121 silly placeDep ROOT @babel/core@7.29.7 OK for: @nx/js@23.1.1 want: ^7.23.2
1122 silly placeDep ROOT @babel/plugin-proposal-decorators@7.29.7 OK for: @nx/js@23.1.1 want: ^7.22.7
1123 silly placeDep ROOT @babel/plugin-transform-class-properties@7.29.7 OK for: @nx/js@23.1.1 want: ^7.22.5
1124 silly placeDep ROOT @babel/plugin-transform-class-static-block@7.29.7 OK for: @nx/js@23.1.1 want: ^7.22.5
1125 silly placeDep ROOT @babel/plugin-transform-private-methods@7.29.7 OK for: @nx/js@23.1.1 want: ^7.22.5
1126 silly placeDep ROOT @babel/plugin-transform-private-property-in-object@7.29.7 OK for: @nx/js@23.1.1 want: ^7.22.5
1127 silly placeDep ROOT @babel/plugin-transform-runtime@7.29.7 OK for: @nx/js@23.1.1 want: ^7.23.2
1128 silly placeDep ROOT @babel/preset-env@7.29.7 OK for: @nx/js@23.1.1 want: ^7.23.2
1129 silly placeDep ROOT @babel/preset-typescript@7.29.7 OK for: @nx/js@23.1.1 want: ^7.22.5
1130 silly placeDep ROOT @babel/runtime@7.29.7 OK for: @nx/js@23.1.1 want: ^7.22.6
1131 silly placeDep ROOT @nx/devkit@23.1.1 OK for: @nx/js@23.1.1 want: 23.1.1
1132 silly placeDep ROOT @zkochan/js-yaml@0.0.7 OK for: @nx/js@23.1.1 want: 0.0.7
1133 silly placeDep ROOT babel-plugin-const-enum@1.2.0 OK for: @nx/js@23.1.1 want: ^1.0.1
1134 silly placeDep ROOT babel-plugin-macros@3.1.0 OK for: @nx/js@23.1.1 want: ^3.1.0
1135 silly placeDep ROOT babel-plugin-transform-typescript-metadata@0.3.2 OK for: @nx/js@23.1.1 want: ^0.3.1
1136 silly placeDep ROOT chalk@4.1.2 OK for: @nx/js@23.1.1 want: ^4.1.0
1137 silly placeDep ROOT columnify@1.6.0 OK for: @nx/js@23.1.1 want: ^1.6.0
1138 silly placeDep ROOT detect-port@2.1.0 OK for: @nx/js@23.1.1 want: ^2.1.0
1139 silly placeDep ROOT ignore@7.0.6 OK for: @nx/js@23.1.1 want: ^7.0.5
1140 silly placeDep ROOT js-tokens@4.0.0 OK for: @nx/js@23.1.1 want: ^4.0.0
1141 silly placeDep ROOT jsonc-parser@3.3.1 OK for: @nx/js@23.1.1 want: ^3.2.0
1142 silly placeDep ROOT npm-run-path@4.0.1 OK for: @nx/js@23.1.1 want: ^4.0.1
1143 silly placeDep ROOT picocolors@1.1.1 OK for: @nx/js@23.1.1 want: ^1.1.0
1144 silly placeDep ROOT picomatch@4.0.4 OK for: @nx/js@23.1.1 want: 4.0.4
1145 silly placeDep ROOT semver@7.8.5 OK for: @nx/js@23.1.1 want: ^7.6.3
1146 silly placeDep ROOT source-map-support@0.5.19 OK for: @nx/js@23.1.1 want: 0.5.19
1147 silly placeDep ROOT tinyglobby@0.2.17 OK for: @nx/js@23.1.1 want: ^0.2.12
1148 silly placeDep ROOT tslib@2.8.1 OK for: @nx/js@23.1.1 want: ^2.3.0
1149 silly fetch manifest debug@^4.1.0
1150 silly packumentCache full:https://registry.npmjs.org/debug cache-miss
1151 silly fetch manifest json5@^2.2.3
1152 silly packumentCache full:https://registry.npmjs.org/json5 cache-miss
1153 silly fetch manifest semver@^6.3.1
1154 silly packumentCache full:https://registry.npmjs.org/semver cache-hit
1155 silly fetch manifest gensync@^1.0.0-beta.2
1156 silly packumentCache full:https://registry.npmjs.org/gensync cache-miss
1157 silly fetch manifest @babel/types@^7.29.7
1158 silly packumentCache full:https://registry.npmjs.org/@babel%2ftypes cache-miss
1159 silly fetch manifest @babel/parser@^7.29.7
1160 silly packumentCache full:https://registry.npmjs.org/@babel%2fparser cache-miss
1161 silly fetch manifest @babel/helpers@^7.29.7
1162 silly packumentCache full:https://registry.npmjs.org/@babel%2fhelpers cache-miss
1163 silly fetch manifest @babel/template@^7.29.7
1164 silly packumentCache full:https://registry.npmjs.org/@babel%2ftemplate cache-miss
1165 silly fetch manifest @babel/traverse@^7.29.7
1166 silly packumentCache full:https://registry.npmjs.org/@babel%2ftraverse cache-miss
1167 silly fetch manifest @babel/generator@^7.29.7
1168 silly packumentCache full:https://registry.npmjs.org/@babel%2fgenerator cache-miss
1169 silly fetch manifest @babel/code-frame@^7.29.7
1170 silly packumentCache full:https://registry.npmjs.org/@babel%2fcode-frame cache-miss
1171 silly fetch manifest convert-source-map@^2.0.0
1172 silly packumentCache full:https://registry.npmjs.org/convert-source-map cache-miss
1173 silly fetch manifest @jridgewell/remapping@^2.3.5
1174 silly packumentCache full:https://registry.npmjs.org/@jridgewell%2fremapping cache-miss
1175 silly fetch manifest @babel/helper-module-transforms@^7.29.7
1176 silly packumentCache full:https://registry.npmjs.org/@babel%2fhelper-module-transforms cache-miss
1177 silly fetch manifest @babel/helper-compilation-targets@^7.29.7
1178 silly packumentCache full:https://registry.npmjs.org/@babel%2fhelper-compilation-targets cache-miss
1179 silly fetch manifest @babel/helper-plugin-utils@^7.29.7
1180 silly packumentCache full:https://registry.npmjs.org/@babel%2fhelper-plugin-utils cache-miss
1181 silly fetch manifest @babel/plugin-syntax-decorators@^7.29.7
1182 silly packumentCache full:https://registry.npmjs.org/@babel%2fplugin-syntax-decorators cache-miss
1183 silly fetch manifest @babel/helper-create-class-features-plugin@^7.29.7
1184 silly packumentCache full:https://registry.npmjs.org/@babel%2fhelper-create-class-features-plugin cache-miss
1185 silly fetch manifest @babel/helper-plugin-utils@^7.29.7
1186 silly packumentCache full:https://registry.npmjs.org/@babel%2fhelper-plugin-utils cache-miss
1187 silly fetch manifest @babel/helper-create-class-features-plugin@^7.29.7
1188 silly packumentCache full:https://registry.npmjs.org/@babel%2fhelper-create-class-features-plugin cache-miss
1189 silly fetch manifest @babel/helper-plugin-utils@^7.29.7
1190 silly packumentCache full:https://registry.npmjs.org/@babel%2fhelper-plugin-utils cache-miss
1191 silly fetch manifest @babel/helper-create-class-features-plugin@^7.29.7
1192 silly packumentCache full:https://registry.npmjs.org/@babel%2fhelper-create-class-features-plugin cache-miss
1193 silly fetch manifest @babel/helper-plugin-utils@^7.29.7
1194 silly packumentCache full:https://registry.npmjs.org/@babel%2fhelper-plugin-utils cache-miss
1195 silly fetch manifest @babel/helper-create-class-features-plugin@^7.29.7
1196 silly packumentCache full:https://registry.npmjs.org/@babel%2fhelper-create-class-features-plugin cache-miss
1197 silly fetch manifest @babel/helper-plugin-utils@^7.29.7
1198 silly packumentCache full:https://registry.npmjs.org/@babel%2fhelper-plugin-utils cache-miss
1199 silly fetch manifest @babel/helper-annotate-as-pure@^7.29.7
1200 silly packumentCache full:https://registry.npmjs.org/@babel%2fhelper-annotate-as-pure cache-miss
1201 silly fetch manifest @babel/helper-create-class-features-plugin@^7.29.7
1202 silly packumentCache full:https://registry.npmjs.org/@babel%2fhelper-create-class-features-plugin cache-miss
1203 silly fetch manifest semver@^6.3.1
1204 silly packumentCache full:https://registry.npmjs.org/semver cache-hit
1205 silly fetch manifest @babel/helper-plugin-utils@^7.29.7
1206 silly packumentCache full:https://registry.npmjs.org/@babel%2fhelper-plugin-utils cache-miss
1207 silly fetch manifest @babel/helper-module-imports@^7.29.7
1208 silly packumentCache full:https://registry.npmjs.org/@babel%2fhelper-module-imports cache-miss
1209 silly fetch manifest babel-plugin-polyfill-corejs2@^0.4.14
1210 silly packumentCache full:https://registry.npmjs.org/babel-plugin-polyfill-corejs2 cache-miss
1211 silly fetch manifest babel-plugin-polyfill-corejs3@^0.13.0
1212 silly packumentCache full:https://registry.npmjs.org/babel-plugin-polyfill-corejs3 cache-miss
1213 silly fetch manifest babel-plugin-polyfill-regenerator@^0.6.5
1214 silly packumentCache full:https://registry.npmjs.org/babel-plugin-polyfill-regenerator cache-miss
1215 http cache https://registry.npmjs.org/json5 37ms (cache hit)
1216 silly packumentCache full:https://registry.npmjs.org/json5 set size:86136 disposed:false
1217 silly fetch manifest core-js-compat@^3.48.0
1218 silly packumentCache full:https://registry.npmjs.org/core-js-compat cache-miss
1219 http cache https://registry.npmjs.org/debug 40ms (cache hit)
1220 silly packumentCache full:https://registry.npmjs.org/debug set size:195840 disposed:false
1221 silly fetch manifest @babel/compat-data@^7.29.7
1222 silly packumentCache full:https://registry.npmjs.org/@babel%2fcompat-data cache-miss
1223 http fetch GET 200 https://registry.npmjs.org/gensync 63ms (cache miss)
1224 silly packumentCache full:https://registry.npmjs.org/gensync set size:undefined disposed:false
1225 silly fetch manifest @babel/preset-modules@0.1.6-no-external-plugins
1226 silly packumentCache full:https://registry.npmjs.org/@babel%2fpreset-modules cache-miss
1227 http fetch GET 200 https://registry.npmjs.org/convert-source-map 89ms (cache miss)
1228 silly packumentCache full:https://registry.npmjs.org/convert-source-map set size:undefined disposed:false
1229 silly fetch manifest @babel/helper-plugin-utils@^7.29.7
1230 silly packumentCache full:https://registry.npmjs.org/@babel%2fhelper-plugin-utils cache-miss
1231 http fetch GET 200 https://registry.npmjs.org/@jridgewell%2fremapping 122ms (cache miss)
1232 silly packumentCache full:https://registry.npmjs.org/@jridgewell%2fremapping set size:undefined disposed:false
1233 silly fetch manifest babel-plugin-polyfill-corejs2@^0.4.15
1234 silly packumentCache full:https://registry.npmjs.org/babel-plugin-polyfill-corejs2 cache-miss
1235 http fetch GET 200 https://registry.npmjs.org/@babel%2fpreset-modules 70ms (cache miss)
1236 silly packumentCache full:https://registry.npmjs.org/@babel%2fpreset-modules set size:undefined disposed:false
1237 silly fetch manifest babel-plugin-polyfill-corejs3@^0.14.0
1238 silly packumentCache full:https://registry.npmjs.org/babel-plugin-polyfill-corejs3 cache-miss
1239 http fetch GET 200 https://registry.npmjs.org/babel-plugin-polyfill-regenerator 127ms (cache miss)
1240 silly packumentCache full:https://registry.npmjs.org/babel-plugin-polyfill-regenerator set size:undefined disposed:false
1241 silly fetch manifest @babel/helper-validator-option@^7.29.7
1242 silly packumentCache full:https://registry.npmjs.org/@babel%2fhelper-validator-option cache-miss
1243 http fetch GET 200 https://registry.npmjs.org/@babel%2fcode-frame 140ms (cache miss)
1244 silly packumentCache full:https://registry.npmjs.org/@babel%2fcode-frame set size:undefined disposed:false
1245 silly fetch manifest @babel/plugin-transform-for-of@^7.29.7
1246 silly packumentCache full:https://registry.npmjs.org/@babel%2fplugin-transform-for-of cache-miss
1247 http fetch GET 200 https://registry.npmjs.org/@babel%2fhelper-plugin-utils 143ms (cache miss)
1248 silly packumentCache full:https://registry.npmjs.org/@babel%2fhelper-plugin-utils set size:undefined disposed:false
1249 silly fetch manifest @babel/plugin-transform-spread@^7.29.7
1250 silly packumentCache full:https://registry.npmjs.org/@babel%2fplugin-transform-spread cache-miss
1251 http fetch GET 200 https://registry.npmjs.org/babel-plugin-polyfill-corejs2 142ms (cache miss)
1252 silly packumentCache full:https://registry.npmjs.org/babel-plugin-polyfill-corejs2 set size:undefined disposed:false
1253 silly fetch manifest @babel/plugin-transform-classes@^7.29.7
1254 silly packumentCache full:https://registry.npmjs.org/@babel%2fplugin-transform-classes cache-miss
1255 http fetch GET 200 https://registry.npmjs.org/@babel%2fplugin-syntax-decorators 150ms (cache miss)
1256 silly packumentCache full:https://registry.npmjs.org/@babel%2fplugin-syntax-decorators set size:undefined disposed:false
1257 silly fetch manifest @babel/plugin-transform-literals@^7.29.7
1258 silly packumentCache full:https://registry.npmjs.org/@babel%2fplugin-transform-literals cache-miss
1259 http fetch GET 200 https://registry.npmjs.org/@babel%2ftemplate 156ms (cache miss)
1260 silly packumentCache full:https://registry.npmjs.org/@babel%2ftemplate set size:undefined disposed:false
1261 silly fetch manifest @babel/helper-compilation-targets@^7.29.7
1262 silly packumentCache full:https://registry.npmjs.org/@babel%2fhelper-compilation-targets cache-miss
1263 http fetch GET 200 https://registry.npmjs.org/babel-plugin-polyfill-corejs3 152ms (cache miss)
1264 silly packumentCache full:https://registry.npmjs.org/babel-plugin-polyfill-corejs3 set size:undefined disposed:false
1265 silly fetch manifest babel-plugin-polyfill-regenerator@^0.6.6
1266 silly packumentCache full:https://registry.npmjs.org/babel-plugin-polyfill-regenerator cache-miss
1267 http fetch GET 200 https://registry.npmjs.org/@babel%2fhelper-annotate-as-pure 162ms (cache miss)
1268 silly packumentCache full:https://registry.npmjs.org/@babel%2fhelper-annotate-as-pure set size:undefined disposed:false
1269 silly fetch manifest @babel/plugin-transform-new-target@^7.29.7
1270 silly packumentCache full:https://registry.npmjs.org/@babel%2fplugin-transform-new-target cache-miss
1271 http fetch GET 200 https://registry.npmjs.org/@babel%2fhelper-module-imports 167ms (cache miss)
1272 silly packumentCache full:https://registry.npmjs.org/@babel%2fhelper-module-imports set size:undefined disposed:false
1273 silly fetch manifest @babel/plugin-transform-parameters@^7.29.7
1274 silly packumentCache full:https://registry.npmjs.org/@babel%2fplugin-transform-parameters cache-miss
1275 http fetch GET 200 https://registry.npmjs.org/@babel%2fhelper-plugin-utils 173ms (cache miss)
1276 silly packumentCache full:https://registry.npmjs.org/@babel%2fhelper-plugin-utils set size:undefined disposed:false
1277 silly fetch manifest @babel/plugin-transform-modules-amd@^7.29.7
1278 silly packumentCache full:https://registry.npmjs.org/@babel%2fplugin-transform-modules-amd cache-miss
1279 http fetch GET 200 https://registry.npmjs.org/@babel%2fhelper-plugin-utils 173ms (cache miss)
1280 silly packumentCache full:https://registry.npmjs.org/@babel%2fhelper-plugin-utils set size:undefined disposed:false
1281 silly fetch manifest @babel/plugin-transform-modules-umd@^7.29.7
1282 silly packumentCache full:https://registry.npmjs.org/@babel%2fplugin-transform-modules-umd cache-miss
1283 http fetch GET 200 https://registry.npmjs.org/@babel%2fhelper-plugin-utils 177ms (cache miss)
1284 silly packumentCache full:https://registry.npmjs.org/@babel%2fhelper-plugin-utils set size:undefined disposed:false
1285 silly fetch manifest @babel/plugin-transform-regenerator@^7.29.7
1286 silly packumentCache full:https://registry.npmjs.org/@babel%2fplugin-transform-regenerator cache-miss
1287 http fetch GET 200 https://registry.npmjs.org/@babel%2fhelper-plugin-utils 178ms (cache miss)
1288 silly packumentCache full:https://registry.npmjs.org/@babel%2fhelper-plugin-utils set size:undefined disposed:false
1289 silly fetch manifest @babel/plugin-transform-dotall-regex@^7.29.7
1290 silly packumentCache full:https://registry.npmjs.org/@babel%2fplugin-transform-dotall-regex cache-miss
1291 http fetch GET 200 https://registry.npmjs.org/@babel%2fhelper-plugin-utils 179ms (cache miss)
1292 silly packumentCache full:https://registry.npmjs.org/@babel%2fhelper-plugin-utils set size:undefined disposed:false
1293 silly fetch manifest @babel/plugin-transform-json-strings@^7.29.7
1294 silly packumentCache full:https://registry.npmjs.org/@babel%2fplugin-transform-json-strings cache-miss
1295 http fetch GET 200 https://registry.npmjs.org/@babel%2fhelper-compilation-targets 185ms (cache miss)
1296 silly packumentCache full:https://registry.npmjs.org/@babel%2fhelper-compilation-targets set size:undefined disposed:false
1297 silly fetch manifest @babel/plugin-transform-object-super@^7.29.7
1298 silly packumentCache full:https://registry.npmjs.org/@babel%2fplugin-transform-object-super cache-miss
1299 http fetch GET 200 https://registry.npmjs.org/@babel%2fhelper-module-transforms 202ms (cache miss)
1300 silly packumentCache full:https://registry.npmjs.org/@babel%2fhelper-module-transforms set size:undefined disposed:false
1301 silly fetch manifest @babel/plugin-transform-sticky-regex@^7.29.7
1302 silly packumentCache full:https://registry.npmjs.org/@babel%2fplugin-transform-sticky-regex cache-miss
1303 http fetch GET 200 https://registry.npmjs.org/@babel%2fhelper-create-class-features-plugin 212ms (cache miss)
1304 silly packumentCache full:https://registry.npmjs.org/@babel%2fhelper-create-class-features-plugin set size:undefined disposed:false
1305 silly fetch manifest @babel/plugin-transform-block-scoping@^7.29.7
1306 silly packumentCache full:https://registry.npmjs.org/@babel%2fplugin-transform-block-scoping cache-miss
1307 http fetch GET 200 https://registry.npmjs.org/@babel%2fhelper-plugin-utils 136ms (cache miss)
1308 silly packumentCache full:https://registry.npmjs.org/@babel%2fhelper-plugin-utils set size:undefined disposed:false
1309 silly fetch manifest @babel/plugin-transform-destructuring@^7.29.7
1310 silly packumentCache full:https://registry.npmjs.org/@babel%2fplugin-transform-destructuring cache-miss
1311 http fetch GET 200 https://registry.npmjs.org/@babel%2fcompat-data 188ms (cache miss)
1312 silly packumentCache full:https://registry.npmjs.org/@babel%2fcompat-data set size:undefined disposed:false
1313 silly fetch manifest @babel/plugin-transform-function-name@^7.29.7
1314 silly packumentCache full:https://registry.npmjs.org/@babel%2fplugin-transform-function-name cache-miss
1315 http fetch GET 200 https://registry.npmjs.org/@babel%2fhelpers 233ms (cache miss)
1316 silly packumentCache full:https://registry.npmjs.org/@babel%2fhelpers set size:undefined disposed:false
1317 silly fetch manifest @babel/plugin-transform-typeof-symbol@^7.29.7
1318 silly packumentCache full:https://registry.npmjs.org/@babel%2fplugin-transform-typeof-symbol cache-miss
1319 http fetch GET 200 https://registry.npmjs.org/@babel%2fhelper-create-class-features-plugin 238ms (cache miss)
1320 silly packumentCache full:https://registry.npmjs.org/@babel%2fhelper-create-class-features-plugin set size:undefined disposed:false
1321 silly fetch manifest @babel/plugin-transform-unicode-regex@^7.29.7
1322 silly packumentCache full:https://registry.npmjs.org/@babel%2fplugin-transform-unicode-regex cache-miss
1323 http fetch GET 200 https://registry.npmjs.org/@babel%2fhelper-create-class-features-plugin 240ms (cache miss)
1324 silly packumentCache full:https://registry.npmjs.org/@babel%2fhelper-create-class-features-plugin set size:undefined disposed:false
1325 silly fetch manifest @babel/plugin-syntax-import-assertions@^7.29.7
1326 silly packumentCache full:https://registry.npmjs.org/@babel%2fplugin-syntax-import-assertions cache-miss
1327 http fetch GET 200 https://registry.npmjs.org/@babel%2fhelper-create-class-features-plugin 243ms (cache miss)
1328 silly packumentCache full:https://registry.npmjs.org/@babel%2fhelper-create-class-features-plugin set size:undefined disposed:false
1329 silly fetch manifest @babel/plugin-syntax-import-attributes@^7.29.7
1330 silly packumentCache full:https://registry.npmjs.org/@babel%2fplugin-syntax-import-attributes cache-miss
1331 http fetch GET 200 https://registry.npmjs.org/@babel%2fhelper-create-class-features-plugin 245ms (cache miss)
1332 silly packumentCache full:https://registry.npmjs.org/@babel%2fhelper-create-class-features-plugin set size:undefined disposed:false
1333 silly fetch manifest @babel/plugin-transform-duplicate-keys@^7.29.7
1334 silly packumentCache full:https://registry.npmjs.org/@babel%2fplugin-transform-duplicate-keys cache-miss
1335 http fetch GET 200 https://registry.npmjs.org/@babel%2ftypes 264ms (cache miss)
1336 silly packumentCache full:https://registry.npmjs.org/@babel%2ftypes set size:undefined disposed:false
1337 silly fetch manifest @babel/plugin-transform-dynamic-import@^7.29.7
1338 silly packumentCache full:https://registry.npmjs.org/@babel%2fplugin-transform-dynamic-import cache-miss
1339 http cache https://registry.npmjs.org/@babel%2fhelper-compilation-targets 108ms (cache hit)
1340 silly packumentCache full:https://registry.npmjs.org/@babel%2fhelper-compilation-targets set size:229541 disposed:false
1341 silly fetch manifest @babel/plugin-transform-reserved-words@^7.29.7
1342 silly packumentCache full:https://registry.npmjs.org/@babel%2fplugin-transform-reserved-words cache-miss
1343 http cache https://registry.npmjs.org/babel-plugin-polyfill-regenerator 104ms (cache hit)
1344 silly packumentCache full:https://registry.npmjs.org/babel-plugin-polyfill-regenerator set size:101432 disposed:false
1345 silly fetch manifest @babel/plugin-syntax-unicode-sets-regex@^7.18.6
1346 silly packumentCache full:https://registry.npmjs.org/@babel%2fplugin-syntax-unicode-sets-regex cache-miss
1347 http fetch GET 200 https://registry.npmjs.org/core-js-compat 236ms (cache miss)
1348 silly packumentCache full:https://registry.npmjs.org/core-js-compat set size:undefined disposed:false
1349 silly fetch manifest @babel/plugin-transform-arrow-functions@^7.29.7
1350 silly packumentCache full:https://registry.npmjs.org/@babel%2fplugin-transform-arrow-functions cache-miss
1351 http fetch GET 200 https://registry.npmjs.org/babel-plugin-polyfill-corejs2 153ms (cache miss)
1352 silly packumentCache full:https://registry.npmjs.org/babel-plugin-polyfill-corejs2 set size:undefined disposed:false
1353 silly fetch manifest @babel/plugin-transform-unicode-escapes@^7.29.7
1354 silly packumentCache full:https://registry.npmjs.org/@babel%2fplugin-transform-unicode-escapes cache-miss
1355 http fetch GET 200 https://registry.npmjs.org/@babel%2fgenerator 280ms (cache miss)
1356 silly packumentCache full:https://registry.npmjs.org/@babel%2fgenerator set size:undefined disposed:false
1357 silly fetch manifest @babel/plugin-transform-modules-commonjs@^7.29.7
1358 silly packumentCache full:https://registry.npmjs.org/@babel%2fplugin-transform-modules-commonjs cache-miss
1359 http fetch GET 200 https://registry.npmjs.org/@babel%2ftraverse 297ms (cache miss)
1360 silly packumentCache full:https://registry.npmjs.org/@babel%2ftraverse set size:undefined disposed:false
1361 silly fetch manifest @babel/plugin-transform-modules-systemjs@^7.29.7
1362 silly packumentCache full:https://registry.npmjs.org/@babel%2fplugin-transform-modules-systemjs cache-miss
1363 http fetch GET 200 https://registry.npmjs.org/babel-plugin-polyfill-corejs3 178ms (cache miss)
1364 silly packumentCache full:https://registry.npmjs.org/babel-plugin-polyfill-corejs3 set size:undefined disposed:false
1365 silly fetch manifest @babel/plugin-transform-regexp-modifiers@^7.29.7
1366 silly packumentCache full:https://registry.npmjs.org/@babel%2fplugin-transform-regexp-modifiers cache-miss
1367 http fetch GET 200 https://registry.npmjs.org/@babel%2fhelper-validator-option 174ms (cache miss)
1368 silly packumentCache full:https://registry.npmjs.org/@babel%2fhelper-validator-option set size:undefined disposed:false
1369 silly fetch manifest @babel/plugin-transform-numeric-separator@^7.29.7
1370 silly packumentCache full:https://registry.npmjs.org/@babel%2fplugin-transform-numeric-separator cache-miss
1371 http fetch GET 200 https://registry.npmjs.org/@babel%2fplugin-transform-literals 181ms (cache miss)
1372 silly packumentCache full:https://registry.npmjs.org/@babel%2fplugin-transform-literals set size:undefined disposed:false
1373 silly fetch manifest @babel/plugin-transform-optional-chaining@^7.29.7
1374 silly packumentCache full:https://registry.npmjs.org/@babel%2fplugin-transform-optional-chaining cache-miss
1375 http fetch GET 200 https://registry.npmjs.org/@babel%2fplugin-transform-new-target 174ms (cache miss)
1376 silly packumentCache full:https://registry.npmjs.org/@babel%2fplugin-transform-new-target set size:undefined disposed:false
1377 silly fetch manifest @babel/plugin-transform-property-literals@^7.29.7
1378 silly packumentCache full:https://registry.npmjs.org/@babel%2fplugin-transform-property-literals cache-miss
1379 http fetch GET 200 https://registry.npmjs.org/@babel%2fplugin-transform-spread 200ms (cache miss)
1380 silly packumentCache full:https://registry.npmjs.org/@babel%2fplugin-transform-spread set size:undefined disposed:false
1381 silly fetch manifest @babel/plugin-transform-template-literals@^7.29.7
1382 silly packumentCache full:https://registry.npmjs.org/@babel%2fplugin-transform-template-literals cache-miss
1383 http fetch GET 200 https://registry.npmjs.org/@babel%2fparser 358ms (cache miss)
1384 silly packumentCache full:https://registry.npmjs.org/@babel%2fparser set size:undefined disposed:false
1385 silly fetch manifest @babel/plugin-transform-async-to-generator@^7.29.7
1386 silly packumentCache full:https://registry.npmjs.org/@babel%2fplugin-transform-async-to-generator cache-miss
1387 http fetch GET 200 https://registry.npmjs.org/@babel%2fplugin-transform-json-strings 177ms (cache miss)
1388 silly packumentCache full:https://registry.npmjs.org/@babel%2fplugin-transform-json-strings set size:undefined disposed:false
1389 silly fetch manifest @babel/plugin-transform-object-rest-spread@^7.29.7
1390 silly packumentCache full:https://registry.npmjs.org/@babel%2fplugin-transform-object-rest-spread cache-miss
1391 http fetch GET 200 https://registry.npmjs.org/@babel%2fplugin-transform-for-of 222ms (cache miss)
1392 silly packumentCache full:https://registry.npmjs.org/@babel%2fplugin-transform-for-of set size:undefined disposed:false
1393 silly fetch manifest @babel/plugin-transform-unicode-sets-regex@^7.29.7
1394 silly packumentCache full:https://registry.npmjs.org/@babel%2fplugin-transform-unicode-sets-regex cache-miss
1395 http fetch GET 200 https://registry.npmjs.org/@babel%2fplugin-transform-classes 233ms (cache miss)
1396 silly packumentCache full:https://registry.npmjs.org/@babel%2fplugin-transform-classes set size:undefined disposed:false
1397 silly fetch manifest @babel/plugin-transform-computed-properties@^7.29.7
1398 silly packumentCache full:https://registry.npmjs.org/@babel%2fplugin-transform-computed-properties cache-miss
1399 http fetch GET 200 https://registry.npmjs.org/@babel%2fplugin-syntax-import-assertions 139ms (cache miss)
1400 silly packumentCache full:https://registry.npmjs.org/@babel%2fplugin-syntax-import-assertions set size:undefined disposed:false
1401 silly fetch manifest @babel/plugin-transform-shorthand-properties@^7.29.7
1402 silly packumentCache full:https://registry.npmjs.org/@babel%2fplugin-transform-shorthand-properties cache-miss
1403 http fetch GET 200 https://registry.npmjs.org/@babel%2fplugin-syntax-unicode-sets-regex 117ms (cache miss)
1404 silly packumentCache full:https://registry.npmjs.org/@babel%2fplugin-syntax-unicode-sets-regex set size:undefined disposed:false
1405 silly fetch manifest @babel/plugin-transform-export-namespace-from@^7.29.7
1406 silly packumentCache full:https://registry.npmjs.org/@babel%2fplugin-transform-export-namespace-from cache-miss
1407 http fetch GET 200 https://registry.npmjs.org/@babel%2fplugin-transform-modules-amd 211ms (cache miss)
1408 silly packumentCache full:https://registry.npmjs.org/@babel%2fplugin-transform-modules-amd set size:undefined disposed:false
1409 silly fetch manifest @babel/plugin-transform-block-scoped-functions@^7.29.7
1410 silly packumentCache full:https://registry.npmjs.org/@babel%2fplugin-transform-block-scoped-functions cache-miss
1411 http fetch GET 200 https://registry.npmjs.org/@babel%2fplugin-transform-dynamic-import 126ms (cache miss)
1412 silly packumentCache full:https://registry.npmjs.org/@babel%2fplugin-transform-dynamic-import set size:undefined disposed:false
1413 silly fetch manifest @babel/plugin-transform-optional-catch-binding@^7.29.7
1414 silly packumentCache full:https://registry.npmjs.org/@babel%2fplugin-transform-optional-catch-binding cache-miss
1415 http fetch GET 200 https://registry.npmjs.org/@babel%2fplugin-transform-sticky-regex 189ms (cache miss)
1416 silly packumentCache full:https://registry.npmjs.org/@babel%2fplugin-transform-sticky-regex set size:undefined disposed:false
1417 silly fetch manifest @babel/plugin-transform-unicode-property-regex@^7.29.7
1418 silly packumentCache full:https://registry.npmjs.org/@babel%2fplugin-transform-unicode-property-regex cache-miss
1419 http fetch GET 200 https://registry.npmjs.org/@babel%2fplugin-syntax-import-attributes 156ms (cache miss)
1420 silly packumentCache full:https://registry.npmjs.org/@babel%2fplugin-syntax-import-attributes set size:undefined disposed:false
1421 silly fetch manifest @babel/plugin-transform-exponentiation-operator@^7.29.7
1422 silly packumentCache full:https://registry.npmjs.org/@babel%2fplugin-transform-exponentiation-operator cache-miss
1423 http fetch GET 200 https://registry.npmjs.org/@babel%2fplugin-transform-modules-umd 228ms (cache miss)
1424 silly packumentCache full:https://registry.npmjs.org/@babel%2fplugin-transform-modules-umd set size:undefined disposed:false
1425 silly fetch manifest @babel/plugin-proposal-private-property-in-object@7.21.0-placeholder-for-preset-env.2
1426 silly packumentCache full:https://registry.npmjs.org/@babel%2fplugin-proposal-private-property-in-object cache-miss
1427 http fetch GET 200 https://registry.npmjs.org/@babel%2fplugin-transform-object-super 221ms (cache miss)
1428 silly packumentCache full:https://registry.npmjs.org/@babel%2fplugin-transform-object-super set size:undefined disposed:false
1429 silly fetch manifest @babel/plugin-transform-async-generator-functions@^7.29.7
1430 silly packumentCache full:https://registry.npmjs.org/@babel%2fplugin-transform-async-generator-functions cache-miss
1431 http fetch GET 200 https://registry.npmjs.org/@babel%2fplugin-transform-dotall-regex 232ms (cache miss)
1432 silly packumentCache full:https://registry.npmjs.org/@babel%2fplugin-transform-dotall-regex set size:undefined disposed:false
1433 silly fetch manifest @babel/plugin-transform-member-expression-literals@^7.29.7
1434 silly packumentCache full:https://registry.npmjs.org/@babel%2fplugin-transform-member-expression-literals cache-miss
1435 http fetch GET 200 https://registry.npmjs.org/@babel%2fplugin-transform-regenerator 237ms (cache miss)
1436 silly packumentCache full:https://registry.npmjs.org/@babel%2fplugin-transform-regenerator set size:undefined disposed:false
1437 silly fetch manifest @babel/plugin-transform-nullish-coalescing-operator@^7.29.7
1438 silly packumentCache full:https://registry.npmjs.org/@babel%2fplugin-transform-nullish-coalescing-operator cache-miss
1439 http fetch GET 200 https://registry.npmjs.org/@babel%2fplugin-transform-function-name 212ms (cache miss)
1440 silly packumentCache full:https://registry.npmjs.org/@babel%2fplugin-transform-function-name set size:undefined disposed:false
1441 silly fetch manifest @babel/plugin-transform-explicit-resource-management@^7.29.7
1442 silly packumentCache full:https://registry.npmjs.org/@babel%2fplugin-transform-explicit-resource-management cache-miss
1443 http fetch GET 200 https://registry.npmjs.org/@babel%2fplugin-transform-typeof-symbol 211ms (cache miss)
1444 silly packumentCache full:https://registry.npmjs.org/@babel%2fplugin-transform-typeof-symbol set size:undefined disposed:false
1445 silly fetch manifest @babel/plugin-transform-logical-assignment-operators@^7.29.7
1446 silly packumentCache full:https://registry.npmjs.org/@babel%2fplugin-transform-logical-assignment-operators cache-miss
1447 http fetch GET 200 https://registry.npmjs.org/@babel%2fplugin-transform-regexp-modifiers 138ms (cache miss)
1448 silly packumentCache full:https://registry.npmjs.org/@babel%2fplugin-transform-regexp-modifiers set size:undefined disposed:false
1449 silly fetch manifest @babel/plugin-transform-named-capturing-groups-regex@^7.29.7
1450 silly packumentCache full:https://registry.npmjs.org/@babel%2fplugin-transform-named-capturing-groups-regex cache-miss
1451 http fetch GET 200 https://registry.npmjs.org/@babel%2fplugin-transform-duplicate-keys 201ms (cache miss)
1452 silly packumentCache full:https://registry.npmjs.org/@babel%2fplugin-transform-duplicate-keys set size:undefined disposed:false
1453 silly fetch manifest @babel/plugin-bugfix-firefox-class-in-computed-class-key@^7.29.7
1454 silly packumentCache full:https://registry.npmjs.org/@babel%2fplugin-bugfix-firefox-class-in-computed-class-key cache-miss
1455 http fetch GET 200 https://registry.npmjs.org/@babel%2fplugin-transform-unicode-regex 213ms (cache miss)
1456 silly packumentCache full:https://registry.npmjs.org/@babel%2fplugin-transform-unicode-regex set size:undefined disposed:false
1457 silly fetch manifest @babel/plugin-bugfix-safari-rest-destructuring-rhs-array@^7.29.7
1458 silly packumentCache full:https://registry.npmjs.org/@babel%2fplugin-bugfix-safari-rest-destructuring-rhs-array cache-miss
1459 http fetch GET 200 https://registry.npmjs.org/@babel%2fplugin-transform-arrow-functions 188ms (cache miss)
1460 silly packumentCache full:https://registry.npmjs.org/@babel%2fplugin-transform-arrow-functions set size:undefined disposed:false
1461 silly fetch manifest @babel/plugin-bugfix-safari-class-field-initializer-scope@^7.29.7
1462 silly packumentCache full:https://registry.npmjs.org/@babel%2fplugin-bugfix-safari-class-field-initializer-scope cache-miss
1463 http fetch GET 200 https://registry.npmjs.org/@babel%2fplugin-transform-unicode-escapes 189ms (cache miss)
1464 silly packumentCache full:https://registry.npmjs.org/@babel%2fplugin-transform-unicode-escapes set size:undefined disposed:false
1465 silly fetch manifest @babel/plugin-bugfix-v8-static-class-fields-redefine-readonly@^7.29.7
1466 silly packumentCache full:https://registry.npmjs.org/@babel%2fplugin-bugfix-v8-static-class-fields-redefine-readonly cache-miss
1467 http fetch GET 200 https://registry.npmjs.org/@babel%2fplugin-transform-numeric-separator 154ms (cache miss)
1468 silly packumentCache full:https://registry.npmjs.org/@babel%2fplugin-transform-numeric-separator set size:undefined disposed:false
1469 silly fetch manifest @babel/plugin-bugfix-v8-spread-parameters-in-optional-chaining@^7.29.7
1470 silly packumentCache full:https://registry.npmjs.org/@babel%2fplugin-bugfix-v8-spread-parameters-in-optional-chaining cache-miss
1471 http fetch GET 200 https://registry.npmjs.org/@babel%2fplugin-transform-block-scoping 256ms (cache miss)
1472 silly packumentCache full:https://registry.npmjs.org/@babel%2fplugin-transform-block-scoping set size:undefined disposed:false
1473 silly fetch manifest @babel/plugin-transform-duplicate-named-capturing-groups-regex@^7.29.7
1474 silly packumentCache full:https://registry.npmjs.org/@babel%2fplugin-transform-duplicate-named-capturing-groups-regex cache-miss
1475 http fetch GET 200 https://registry.npmjs.org/@babel%2fplugin-transform-destructuring 247ms (cache miss)
1476 silly packumentCache full:https://registry.npmjs.org/@babel%2fplugin-transform-destructuring set size:undefined disposed:false
1477 silly fetch manifest @babel/plugin-bugfix-safari-id-destructuring-collision-in-function-expression@^7.29.7
1478 silly packumentCache full:https://registry.npmjs.org/@babel%2fplugin-bugfix-safari-id-destructuring-collision-in-function-expression cache-miss
1479 http fetch GET 200 https://registry.npmjs.org/@babel%2fplugin-transform-reserved-words 212ms (cache miss)
1480 silly packumentCache full:https://registry.npmjs.org/@babel%2fplugin-transform-reserved-words set size:undefined disposed:false
1481 silly fetch manifest @babel/plugin-syntax-jsx@^7.29.7
1482 silly packumentCache full:https://registry.npmjs.org/@babel%2fplugin-syntax-jsx cache-miss
1483 http fetch GET 200 https://registry.npmjs.org/@babel%2fplugin-transform-modules-commonjs 225ms (cache miss)
1484 silly packumentCache full:https://registry.npmjs.org/@babel%2fplugin-transform-modules-commonjs set size:undefined disposed:false
1485 silly fetch manifest @babel/plugin-transform-typescript@^7.29.7
1486 silly packumentCache full:https://registry.npmjs.org/@babel%2fplugin-transform-typescript cache-miss
1487 http fetch GET 200 https://registry.npmjs.org/@babel%2fplugin-transform-optional-chaining 178ms (cache miss)
1488 silly packumentCache full:https://registry.npmjs.org/@babel%2fplugin-transform-optional-chaining set size:undefined disposed:false
1489 silly fetch manifest argparse@^2.0.1
1490 silly packumentCache full:https://registry.npmjs.org/argparse cache-miss
1491 http fetch GET 200 https://registry.npmjs.org/@babel%2fplugin-transform-unicode-sets-regex 154ms (cache miss)
1492 silly packumentCache full:https://registry.npmjs.org/@babel%2fplugin-transform-unicode-sets-regex set size:undefined disposed:false
1493 silly fetch manifest @babel/helper-plugin-utils@^7.0.0
1494 silly packumentCache full:https://registry.npmjs.org/@babel%2fhelper-plugin-utils cache-miss
1495 http fetch GET 200 https://registry.npmjs.org/@babel%2fplugin-transform-property-literals 184ms (cache miss)
1496 silly packumentCache full:https://registry.npmjs.org/@babel%2fplugin-transform-property-literals set size:undefined disposed:false
1497 silly fetch manifest @babel/plugin-syntax-typescript@^7.3.3
1498 silly packumentCache full:https://registry.npmjs.org/@babel%2fplugin-syntax-typescript cache-miss
1499 http fetch GET 200 https://registry.npmjs.org/@babel%2fplugin-transform-modules-systemjs 233ms (cache miss)
1500 silly packumentCache full:https://registry.npmjs.org/@babel%2fplugin-transform-modules-systemjs set size:undefined disposed:false
1501 silly fetch manifest @babel/traverse@^7.16.0
1502 silly packumentCache full:https://registry.npmjs.org/@babel%2ftraverse cache-miss
1503 http fetch GET 200 https://registry.npmjs.org/@babel%2fplugin-transform-object-rest-spread 171ms (cache miss)
1504 silly packumentCache full:https://registry.npmjs.org/@babel%2fplugin-transform-object-rest-spread set size:undefined disposed:false
1505 silly fetch manifest cosmiconfig@^7.0.0
1506 silly packumentCache full:https://registry.npmjs.org/cosmiconfig cache-miss
1507 http fetch GET 200 https://registry.npmjs.org/@babel%2fplugin-transform-unicode-property-regex 141ms (cache miss)
1508 silly packumentCache full:https://registry.npmjs.org/@babel%2fplugin-transform-unicode-property-regex set size:undefined disposed:false
1509 silly fetch manifest resolve@^1.19.0
1510 silly packumentCache full:https://registry.npmjs.org/resolve cache-miss
1511 http fetch GET 200 https://registry.npmjs.org/@babel%2fplugin-transform-export-namespace-from 153ms (cache miss)
1512 silly packumentCache full:https://registry.npmjs.org/@babel%2fplugin-transform-export-namespace-from set size:undefined disposed:false
1513 silly fetch manifest @babel/helper-plugin-utils@^7.0.0
1514 silly packumentCache full:https://registry.npmjs.org/@babel%2fhelper-plugin-utils cache-miss
1515 http fetch GET 200 https://registry.npmjs.org/@babel%2fplugin-transform-template-literals 194ms (cache miss)
1516 silly packumentCache full:https://registry.npmjs.org/@babel%2fplugin-transform-template-literals set size:undefined disposed:false
1517 silly fetch manifest ansi-styles@^4.1.0
1518 silly packumentCache full:https://registry.npmjs.org/ansi-styles cache-miss
1519 http fetch GET 200 https://registry.npmjs.org/@babel%2fplugin-transform-optional-catch-binding 157ms (cache miss)
1520 silly packumentCache full:https://registry.npmjs.org/@babel%2fplugin-transform-optional-catch-binding set size:undefined disposed:false
1521 silly fetch manifest supports-color@^7.1.0
1522 silly packumentCache full:https://registry.npmjs.org/supports-color cache-miss
1523 http fetch GET 200 https://registry.npmjs.org/@babel%2fplugin-transform-async-generator-functions 145ms (cache miss)
1524 silly packumentCache full:https://registry.npmjs.org/@babel%2fplugin-transform-async-generator-functions set size:undefined disposed:false
1525 silly fetch manifest strip-ansi@^6.0.1
1526 silly packumentCache full:https://registry.npmjs.org/strip-ansi cache-miss
1527 http fetch GET 200 https://registry.npmjs.org/@babel%2fplugin-proposal-private-property-in-object 150ms (cache miss)
1528 silly packumentCache full:https://registry.npmjs.org/@babel%2fplugin-proposal-private-property-in-object set size:undefined disposed:false
1529 silly fetch manifest wcwidth@^1.0.0
1530 silly packumentCache full:https://registry.npmjs.org/wcwidth cache-miss
1531 http fetch GET 200 https://registry.npmjs.org/@babel%2fplugin-transform-nullish-coalescing-operator 139ms (cache miss)
1532 silly packumentCache full:https://registry.npmjs.org/@babel%2fplugin-transform-nullish-coalescing-operator set size:undefined disposed:false
1533 silly fetch manifest address@^2.0.1
1534 silly packumentCache full:https://registry.npmjs.org/address cache-miss
1535 http fetch GET 200 https://registry.npmjs.org/@babel%2fplugin-transform-async-to-generator 206ms (cache miss)
1536 silly packumentCache full:https://registry.npmjs.org/@babel%2fplugin-transform-async-to-generator set size:undefined disposed:false
1537 silly fetch manifest path-key@^3.0.0
1538 silly packumentCache full:https://registry.npmjs.org/path-key cache-miss
1539 http fetch GET 200 https://registry.npmjs.org/@babel%2fplugin-transform-explicit-resource-management 126ms (cache miss)
1540 silly packumentCache full:https://registry.npmjs.org/@babel%2fplugin-transform-explicit-resource-management set size:undefined disposed:false
1541 silly fetch manifest buffer-from@^1.0.0
1542 silly packumentCache full:https://registry.npmjs.org/buffer-from cache-miss
1543 http fetch GET 200 https://registry.npmjs.org/@babel%2fplugin-transform-shorthand-properties 187ms (cache miss)
1544 silly packumentCache full:https://registry.npmjs.org/@babel%2fplugin-transform-shorthand-properties set size:undefined disposed:false
1545 silly fetch manifest source-map@^0.6.0
1546 silly packumentCache full:https://registry.npmjs.org/source-map cache-miss
1547 http fetch GET 200 https://registry.npmjs.org/@babel%2fplugin-bugfix-safari-rest-destructuring-rhs-array 117ms (cache miss)
1548 silly packumentCache full:https://registry.npmjs.org/@babel%2fplugin-bugfix-safari-rest-destructuring-rhs-array set size:undefined disposed:false
1549 silly fetch manifest fdir@^6.5.0
1550 silly packumentCache full:https://registry.npmjs.org/fdir cache-miss
1551 http fetch GET 200 https://registry.npmjs.org/@babel%2fplugin-transform-computed-properties 195ms (cache miss)
1552 silly packumentCache full:https://registry.npmjs.org/@babel%2fplugin-transform-computed-properties set size:undefined disposed:false
1553 http fetch GET 200 https://registry.npmjs.org/@babel%2fplugin-transform-block-scoped-functions 192ms (cache miss)
1554 silly packumentCache full:https://registry.npmjs.org/@babel%2fplugin-transform-block-scoped-functions set size:undefined disposed:false
1555 http fetch GET 200 https://registry.npmjs.org/@babel%2fplugin-bugfix-safari-class-field-initializer-scope 120ms (cache miss)
1556 silly packumentCache full:https://registry.npmjs.org/@babel%2fplugin-bugfix-safari-class-field-initializer-scope set size:undefined disposed:false
1557 http fetch GET 200 https://registry.npmjs.org/@babel%2fplugin-transform-parameters 411ms (cache miss)
1558 silly packumentCache full:https://registry.npmjs.org/@babel%2fplugin-transform-parameters set size:undefined disposed:false
1559 http fetch GET 200 https://registry.npmjs.org/@babel%2fplugin-transform-logical-assignment-operators 139ms (cache miss)
1560 silly packumentCache full:https://registry.npmjs.org/@babel%2fplugin-transform-logical-assignment-operators set size:undefined disposed:false
1561 http fetch GET 200 https://registry.npmjs.org/@babel%2fplugin-transform-duplicate-named-capturing-groups-regex 115ms (cache miss)
1562 silly packumentCache full:https://registry.npmjs.org/@babel%2fplugin-transform-duplicate-named-capturing-groups-regex set size:undefined disposed:false
1563 http fetch GET 200 https://registry.npmjs.org/@babel%2fplugin-bugfix-firefox-class-in-computed-class-key 137ms (cache miss)
1564 silly packumentCache full:https://registry.npmjs.org/@babel%2fplugin-bugfix-firefox-class-in-computed-class-key set size:undefined disposed:false
1565 http fetch GET 200 https://registry.npmjs.org/@babel%2fplugin-bugfix-v8-static-class-fields-redefine-readonly 128ms (cache miss)
1566 silly packumentCache full:https://registry.npmjs.org/@babel%2fplugin-bugfix-v8-static-class-fields-redefine-readonly set size:undefined disposed:false
1567 http cache https://registry.npmjs.org/argparse 83ms (cache hit)
1568 silly packumentCache full:https://registry.npmjs.org/argparse set size:51348 disposed:false
1569 http fetch GET 200 https://registry.npmjs.org/@babel%2fplugin-transform-member-expression-literals 182ms (cache miss)
1570 silly packumentCache full:https://registry.npmjs.org/@babel%2fplugin-transform-member-expression-literals set size:undefined disposed:false
1571 http fetch GET 200 https://registry.npmjs.org/@babel%2fplugin-transform-exponentiation-operator 198ms (cache miss)
1572 silly packumentCache full:https://registry.npmjs.org/@babel%2fplugin-transform-exponentiation-operator set size:undefined disposed:false
1573 http cache https://registry.npmjs.org/@babel%2fhelper-plugin-utils 83ms (cache hit)
1574 silly packumentCache full:https://registry.npmjs.org/@babel%2fhelper-plugin-utils set size:175564 disposed:false
1575 http fetch GET 200 https://registry.npmjs.org/@babel%2fplugin-bugfix-v8-spread-parameters-in-optional-chaining 145ms (cache miss)
1576 silly packumentCache full:https://registry.npmjs.org/@babel%2fplugin-bugfix-v8-spread-parameters-in-optional-chaining set size:undefined disposed:false
1577 http cache https://registry.npmjs.org/@babel%2ftraverse 85ms (cache hit)
1578 silly packumentCache full:https://registry.npmjs.org/@babel%2ftraverse set size:564759 disposed:false
1579 http fetch GET 200 https://registry.npmjs.org/@babel%2fplugin-transform-named-capturing-groups-regex 174ms (cache miss)
1580 silly packumentCache full:https://registry.npmjs.org/@babel%2fplugin-transform-named-capturing-groups-regex set size:undefined disposed:false
1581 http cache https://registry.npmjs.org/@babel%2fhelper-plugin-utils 86ms (cache hit)
1582 silly packumentCache full:https://registry.npmjs.org/@babel%2fhelper-plugin-utils set size:175564 disposed:false
1583 silly packumentCache full:https://registry.npmjs.org/@babel%2fhelper-plugin-utils dispose
1584 http cache https://registry.npmjs.org/ansi-styles 86ms (cache hit)
1585 silly packumentCache full:https://registry.npmjs.org/ansi-styles set size:71772 disposed:false
1586 http fetch GET 200 https://registry.npmjs.org/@babel%2fplugin-bugfix-safari-id-destructuring-collision-in-function-expression 155ms (cache miss)
1587 silly packumentCache full:https://registry.npmjs.org/@babel%2fplugin-bugfix-safari-id-destructuring-collision-in-function-expression set size:undefined disposed:false
1588 http cache https://registry.npmjs.org/supports-color 84ms (cache hit)
1589 silly packumentCache full:https://registry.npmjs.org/supports-color set size:124169 disposed:false
1590 http cache https://registry.npmjs.org/strip-ansi 80ms (cache hit)
1591 silly packumentCache full:https://registry.npmjs.org/strip-ansi set size:44998 disposed:false
1592 http cache https://registry.npmjs.org/wcwidth 79ms (cache hit)
1593 silly packumentCache full:https://registry.npmjs.org/wcwidth set size:5904 disposed:false
1594 http cache https://registry.npmjs.org/path-key 71ms (cache hit)
1595 silly packumentCache full:https://registry.npmjs.org/path-key set size:16975 disposed:false
1596 http fetch GET 200 https://registry.npmjs.org/address 80ms (cache miss)
1597 silly packumentCache full:https://registry.npmjs.org/address set size:undefined disposed:false
1598 http fetch GET 200 https://registry.npmjs.org/@babel%2fplugin-syntax-jsx 162ms (cache miss)
1599 silly packumentCache full:https://registry.npmjs.org/@babel%2fplugin-syntax-jsx set size:undefined disposed:false
1600 http fetch GET 200 https://registry.npmjs.org/buffer-from 74ms (cache miss)
1601 silly packumentCache full:https://registry.npmjs.org/buffer-from set size:undefined disposed:false
1602 http fetch GET 200 https://registry.npmjs.org/cosmiconfig 112ms (cache miss)
1603 silly packumentCache full:https://registry.npmjs.org/cosmiconfig set size:undefined disposed:false
1604 http fetch GET 200 https://registry.npmjs.org/resolve 113ms (cache miss)
1605 silly packumentCache full:https://registry.npmjs.org/resolve set size:undefined disposed:false
1606 http fetch GET 200 https://registry.npmjs.org/fdir 78ms (cache miss)
1607 silly packumentCache full:https://registry.npmjs.org/fdir set size:undefined disposed:false
1608 http fetch GET 200 https://registry.npmjs.org/@babel%2fplugin-syntax-typescript 126ms (cache miss)
1609 silly packumentCache full:https://registry.npmjs.org/@babel%2fplugin-syntax-typescript set size:undefined disposed:false
1610 http fetch GET 200 https://registry.npmjs.org/source-map 83ms (cache miss)
1611 silly packumentCache full:https://registry.npmjs.org/source-map set size:undefined disposed:false
1612 http fetch GET 200 https://registry.npmjs.org/@babel%2fplugin-transform-typescript 148ms (cache miss)
1613 silly packumentCache full:https://registry.npmjs.org/@babel%2fplugin-transform-typescript set size:undefined disposed:false
1614 silly fetch manifest @babel/core@^7.0.0
1615 silly packumentCache full:https://registry.npmjs.org/@babel%2fcore cache-miss
1616 http cache https://registry.npmjs.org/@babel%2fcore 8ms (cache hit)
1617 silly packumentCache full:https://registry.npmjs.org/@babel%2fcore set size:788273 disposed:false
1618 silly placeDep ROOT @babel/code-frame@7.29.7 OK for: @babel/core@7.29.7 want: ^7.29.7
1619 silly placeDep ROOT @babel/generator@7.29.8 OK for: @babel/core@7.29.7 want: ^7.29.7
1620 silly placeDep ROOT @babel/helper-compilation-targets@7.29.7 OK for: @babel/core@7.29.7 want: ^7.29.7
1621 silly placeDep ROOT @babel/helper-module-transforms@7.29.7 OK for: @babel/core@7.29.7 want: ^7.29.7
1622 silly placeDep ROOT @babel/helpers@7.29.7 OK for: @babel/core@7.29.7 want: ^7.29.7
1623 silly placeDep ROOT @babel/parser@7.29.8 OK for: @babel/core@7.29.7 want: ^7.29.7
1624 silly placeDep ROOT @babel/template@7.29.7 OK for: @babel/core@7.29.7 want: ^7.29.7
1625 silly placeDep ROOT @babel/traverse@7.29.8 OK for: @babel/core@7.29.7 want: ^7.29.7
1626 silly placeDep ROOT @babel/types@7.29.8 OK for: @babel/core@7.29.7 want: ^7.29.7
1627 silly placeDep ROOT @jridgewell/remapping@2.3.5 OK for: @babel/core@7.29.7 want: ^2.3.5
1628 silly placeDep ROOT convert-source-map@2.0.0 OK for: @babel/core@7.29.7 want: ^2.0.0
1629 silly placeDep ROOT debug@4.4.3 OK for: @babel/core@7.29.7 want: ^4.1.0
1630 silly placeDep ROOT gensync@1.0.0-beta.2 OK for: @babel/core@7.29.7 want: ^1.0.0-beta.2
1631 silly placeDep ROOT json5@2.2.3 OK for: @babel/core@7.29.7 want: ^2.2.3
1632 silly placeDep node_modules/@babel/core semver@6.3.1 OK for: @babel/core@7.29.7 want: ^6.3.1
1633 silly fetch manifest @babel/helper-validator-identifier@^7.29.7
1634 silly packumentCache full:https://registry.npmjs.org/@babel%2fhelper-validator-identifier cache-miss
1635 silly fetch manifest jsesc@^3.0.2
1636 silly packumentCache full:https://registry.npmjs.org/jsesc cache-miss
1637 silly fetch manifest @babel/types@^7.29.8
1638 silly packumentCache full:https://registry.npmjs.org/@babel%2ftypes cache-miss
1639 silly fetch manifest @babel/parser@^7.29.8
1640 silly packumentCache full:https://registry.npmjs.org/@babel%2fparser cache-miss
1641 silly fetch manifest @jridgewell/gen-mapping@^0.3.12
1642 silly packumentCache full:https://registry.npmjs.org/@jridgewell%2fgen-mapping cache-miss
1643 silly fetch manifest @jridgewell/trace-mapping@^0.3.28
1644 silly packumentCache full:https://registry.npmjs.org/@jridgewell%2ftrace-mapping cache-miss
1645 silly fetch manifest lru-cache@^5.1.1
1646 silly packumentCache full:https://registry.npmjs.org/lru-cache cache-miss
1647 silly fetch manifest browserslist@^4.24.0
1648 silly packumentCache full:https://registry.npmjs.org/browserslist cache-miss
1649 silly fetch manifest @babel/helper-validator-identifier@^7.29.7
1650 silly packumentCache full:https://registry.npmjs.org/@babel%2fhelper-validator-identifier cache-miss
1651 silly fetch manifest @babel/types@^7.29.8
1652 silly packumentCache full:https://registry.npmjs.org/@babel%2ftypes cache-miss
1653 silly fetch manifest debug@^4.3.1
1654 silly packumentCache full:https://registry.npmjs.org/debug cache-hit
1655 silly fetch manifest @babel/types@^7.29.8
1656 silly packumentCache full:https://registry.npmjs.org/@babel%2ftypes cache-miss
1657 silly fetch manifest @babel/helper-globals@^7.29.7
1658 silly packumentCache full:https://registry.npmjs.org/@babel%2fhelper-globals cache-miss
1659 silly fetch manifest @babel/helper-string-parser@^7.29.7
1660 silly packumentCache full:https://registry.npmjs.org/@babel%2fhelper-string-parser cache-miss
1661 silly fetch manifest @babel/helper-validator-identifier@^7.29.7
1662 silly packumentCache full:https://registry.npmjs.org/@babel%2fhelper-validator-identifier cache-miss
1663 silly fetch manifest @jridgewell/gen-mapping@^0.3.5
1664 silly packumentCache full:https://registry.npmjs.org/@jridgewell%2fgen-mapping cache-miss
1665 silly fetch manifest @jridgewell/trace-mapping@^0.3.24
1666 silly packumentCache full:https://registry.npmjs.org/@jridgewell%2ftrace-mapping cache-miss
1667 silly fetch manifest ms@^2.1.3
1668 silly packumentCache full:https://registry.npmjs.org/ms cache-miss
1669 http cache https://registry.npmjs.org/@babel%2ftypes 20ms (cache hit)
1670 silly packumentCache full:https://registry.npmjs.org/@babel%2ftypes set size:502938 disposed:false
1671 http cache https://registry.npmjs.org/ms 19ms (cache hit)
1672 silly packumentCache full:https://registry.npmjs.org/ms set size:92208 disposed:false
1673 http cache https://registry.npmjs.org/@babel%2ftypes 23ms (cache hit)
1674 silly packumentCache full:https://registry.npmjs.org/@babel%2ftypes set size:502938 disposed:false
1675 silly packumentCache full:https://registry.npmjs.org/@babel%2ftypes dispose
1676 http cache https://registry.npmjs.org/@babel%2ftypes 35ms (cache hit)
1677 silly packumentCache full:https://registry.npmjs.org/@babel%2ftypes set size:502938 disposed:true
1678 silly packumentCache full:https://registry.npmjs.org/@babel%2ftypes dispose
1679 http cache https://registry.npmjs.org/lru-cache 41ms (cache hit)
1680 silly packumentCache full:https://registry.npmjs.org/lru-cache set size:460407 disposed:false
1681 http cache https://registry.npmjs.org/@babel%2fparser 48ms (cache hit)
1682 silly packumentCache full:https://registry.npmjs.org/@babel%2fparser set size:737961 disposed:false
1683 http fetch GET 200 https://registry.npmjs.org/jsesc 74ms (cache miss)
1684 silly packumentCache full:https://registry.npmjs.org/jsesc set size:undefined disposed:false
1685 http fetch GET 200 https://registry.npmjs.org/@babel%2fhelper-globals 71ms (cache miss)
1686 silly packumentCache full:https://registry.npmjs.org/@babel%2fhelper-globals set size:undefined disposed:false
1687 http fetch GET 200 https://registry.npmjs.org/@babel%2fhelper-string-parser 72ms (cache miss)
1688 silly packumentCache full:https://registry.npmjs.org/@babel%2fhelper-string-parser set size:undefined disposed:false
1689 http fetch GET 200 https://registry.npmjs.org/@jridgewell%2fgen-mapping 78ms (cache miss)
1690 silly packumentCache full:https://registry.npmjs.org/@jridgewell%2fgen-mapping set size:undefined disposed:false
1691 http fetch GET 200 https://registry.npmjs.org/@babel%2fhelper-validator-identifier 80ms (cache miss)
1692 silly packumentCache full:https://registry.npmjs.org/@babel%2fhelper-validator-identifier set size:undefined disposed:false
1693 http fetch GET 200 https://registry.npmjs.org/@babel%2fhelper-validator-identifier 77ms (cache miss)
1694 silly packumentCache full:https://registry.npmjs.org/@babel%2fhelper-validator-identifier set size:undefined disposed:false
1695 http fetch GET 200 https://registry.npmjs.org/@jridgewell%2fgen-mapping 77ms (cache miss)
1696 silly packumentCache full:https://registry.npmjs.org/@jridgewell%2fgen-mapping set size:undefined disposed:false
1697 http fetch GET 200 https://registry.npmjs.org/@babel%2fhelper-validator-identifier 81ms (cache miss)
1698 silly packumentCache full:https://registry.npmjs.org/@babel%2fhelper-validator-identifier set size:undefined disposed:false
1699 http fetch GET 200 https://registry.npmjs.org/@jridgewell%2ftrace-mapping 83ms (cache miss)
1700 silly packumentCache full:https://registry.npmjs.org/@jridgewell%2ftrace-mapping set size:undefined disposed:false
1701 http fetch GET 200 https://registry.npmjs.org/@jridgewell%2ftrace-mapping 81ms (cache miss)
1702 silly packumentCache full:https://registry.npmjs.org/@jridgewell%2ftrace-mapping set size:undefined disposed:false
1703 http fetch GET 200 https://registry.npmjs.org/browserslist 88ms (cache miss)
1704 silly packumentCache full:https://registry.npmjs.org/browserslist set size:undefined disposed:false
1705 silly placeDep ROOT @babel/helper-validator-identifier@7.29.7 OK for: @babel/code-frame@7.29.7 want: ^7.29.7
1706 silly placeDep ROOT @jridgewell/gen-mapping@0.3.13 OK for: @babel/generator@7.29.8 want: ^0.3.12
1707 silly placeDep ROOT @jridgewell/trace-mapping@0.3.31 OK for: @babel/generator@7.29.8 want: ^0.3.28
1708 silly placeDep ROOT jsesc@3.1.0 OK for: @babel/generator@7.29.8 want: ^3.0.2
1709 silly fetch manifest @jridgewell/sourcemap-codec@^1.5.0
1710 silly packumentCache full:https://registry.npmjs.org/@jridgewell%2fsourcemap-codec cache-miss
1711 silly fetch manifest @jridgewell/resolve-uri@^3.1.0
1712 silly packumentCache full:https://registry.npmjs.org/@jridgewell%2fresolve-uri cache-miss
1713 silly fetch manifest @jridgewell/sourcemap-codec@^1.4.14
1714 silly packumentCache full:https://registry.npmjs.org/@jridgewell%2fsourcemap-codec cache-miss
1715 http fetch GET 200 https://registry.npmjs.org/@jridgewell%2fsourcemap-codec 31ms (cache miss)
1716 silly packumentCache full:https://registry.npmjs.org/@jridgewell%2fsourcemap-codec set size:undefined disposed:false
1717 http fetch GET 200 https://registry.npmjs.org/@jridgewell%2fsourcemap-codec 31ms (cache miss)
1718 silly packumentCache full:https://registry.npmjs.org/@jridgewell%2fsourcemap-codec set size:undefined disposed:false
1719 http fetch GET 200 https://registry.npmjs.org/@jridgewell%2fresolve-uri 33ms (cache miss)
1720 silly packumentCache full:https://registry.npmjs.org/@jridgewell%2fresolve-uri set size:undefined disposed:false
1721 silly placeDep ROOT @babel/compat-data@7.29.7 OK for: @babel/helper-compilation-targets@7.29.7 want: ^7.29.7
1722 silly placeDep ROOT @babel/helper-validator-option@7.29.7 OK for: @babel/helper-compilation-targets@7.29.7 want: ^7.29.7
1723 silly placeDep ROOT browserslist@4.28.8 OK for: @babel/helper-compilation-targets@7.29.7 want: ^4.24.0
1724 silly placeDep ROOT lru-cache@5.1.1 OK for: @babel/helper-compilation-targets@7.29.7 want: ^5.1.1
1725 silly placeDep node_modules/@babel/helper-compilation-targets semver@6.3.1 OK for: @babel/helper-compilation-targets@7.29.7 want: ^6.3.1
1726 silly fetch manifest caniuse-lite@^1.0.30001809
1727 silly packumentCache full:https://registry.npmjs.org/caniuse-lite cache-miss
1728 silly fetch manifest node-releases@^2.0.53
1729 silly packumentCache full:https://registry.npmjs.org/node-releases cache-miss
1730 silly fetch manifest electron-to-chromium@^1.5.402
1731 silly packumentCache full:https://registry.npmjs.org/electron-to-chromium cache-miss
1732 silly fetch manifest update-browserslist-db@^1.3.0
1733 silly packumentCache full:https://registry.npmjs.org/update-browserslist-db cache-miss
1734 silly fetch manifest baseline-browser-mapping@^2.11.12
1735 silly packumentCache full:https://registry.npmjs.org/baseline-browser-mapping cache-miss
1736 silly fetch manifest yallist@^3.0.2
1737 silly packumentCache full:https://registry.npmjs.org/yallist cache-miss
1738 http fetch GET 200 https://registry.npmjs.org/update-browserslist-db 28ms (cache miss)
1739 silly packumentCache full:https://registry.npmjs.org/update-browserslist-db set size:undefined disposed:false
1740 http fetch GET 200 https://registry.npmjs.org/yallist 28ms (cache miss)
1741 silly packumentCache full:https://registry.npmjs.org/yallist set size:undefined disposed:false
1742 http fetch GET 200 https://registry.npmjs.org/node-releases 32ms (cache miss)
1743 silly packumentCache full:https://registry.npmjs.org/node-releases set size:undefined disposed:false
1744 http fetch GET 200 https://registry.npmjs.org/baseline-browser-mapping 36ms (cache miss)
1745 silly packumentCache full:https://registry.npmjs.org/baseline-browser-mapping set size:undefined disposed:false
1746 http fetch GET 200 https://registry.npmjs.org/caniuse-lite 87ms (cache miss)
1747 silly packumentCache full:https://registry.npmjs.org/caniuse-lite set size:undefined disposed:false
1748 http fetch GET 200 https://registry.npmjs.org/electron-to-chromium 126ms (cache miss)
1749 silly packumentCache full:https://registry.npmjs.org/electron-to-chromium set size:undefined disposed:false
1750 silly placeDep ROOT @babel/helper-module-imports@7.29.7 OK for: @babel/helper-module-transforms@7.29.7 want: ^7.29.7
1751 silly fetch manifest @babel/core@^7.0.0-0
1752 silly packumentCache full:https://registry.npmjs.org/@babel%2fcore cache-hit
1753 silly placeDep ROOT @babel/helper-create-class-features-plugin@7.29.7 OK for: @babel/plugin-proposal-decorators@7.29.7 want: ^7.29.7
1754 silly placeDep ROOT @babel/helper-plugin-utils@7.29.7 OK for: @babel/plugin-proposal-decorators@7.29.7 want: ^7.29.7
1755 silly placeDep ROOT @babel/plugin-syntax-decorators@7.29.7 OK for: @babel/plugin-proposal-decorators@7.29.7 want: ^7.29.7
1756 silly fetch manifest @babel/helper-replace-supers@^7.29.7
1757 silly packumentCache full:https://registry.npmjs.org/@babel%2fhelper-replace-supers cache-miss
1758 silly fetch manifest @babel/helper-optimise-call-expression@^7.29.7
1759 silly packumentCache full:https://registry.npmjs.org/@babel%2fhelper-optimise-call-expression cache-miss
1760 silly fetch manifest @babel/helper-member-expression-to-functions@^7.29.7
1761 silly packumentCache full:https://registry.npmjs.org/@babel%2fhelper-member-expression-to-functions cache-miss
1762 silly fetch manifest @babel/helper-skip-transparent-expression-wrappers@^7.29.7
1763 silly packumentCache full:https://registry.npmjs.org/@babel%2fhelper-skip-transparent-expression-wrappers cache-miss
1764 http fetch GET 200 https://registry.npmjs.org/@babel%2fhelper-skip-transparent-expression-wrappers 31ms (cache miss)
1765 silly packumentCache full:https://registry.npmjs.org/@babel%2fhelper-skip-transparent-expression-wrappers set size:undefined disposed:false
1766 http fetch GET 200 https://registry.npmjs.org/@babel%2fhelper-optimise-call-expression 35ms (cache miss)
1767 silly packumentCache full:https://registry.npmjs.org/@babel%2fhelper-optimise-call-expression set size:undefined disposed:false
1768 http fetch GET 200 https://registry.npmjs.org/@babel%2fhelper-member-expression-to-functions 37ms (cache miss)
1769 silly packumentCache full:https://registry.npmjs.org/@babel%2fhelper-member-expression-to-functions set size:undefined disposed:false
1770 http fetch GET 200 https://registry.npmjs.org/@babel%2fhelper-replace-supers 41ms (cache miss)
1771 silly packumentCache full:https://registry.npmjs.org/@babel%2fhelper-replace-supers set size:undefined disposed:false
1772 silly placeDep ROOT @babel/helper-annotate-as-pure@7.29.7 OK for: @babel/helper-create-class-features-plugin@7.29.7 want: ^7.29.7
1773 silly placeDep ROOT @babel/helper-member-expression-to-functions@7.29.7 OK for: @babel/helper-create-class-features-plugin@7.29.7 want: ^7.29.7
1774 silly placeDep ROOT @babel/helper-optimise-call-expression@7.29.7 OK for: @babel/helper-create-class-features-plugin@7.29.7 want: ^7.29.7
1775 silly placeDep ROOT @babel/helper-replace-supers@7.29.7 OK for: @babel/helper-create-class-features-plugin@7.29.7 want: ^7.29.7
1776 silly placeDep ROOT @babel/helper-skip-transparent-expression-wrappers@7.29.7 OK for: @babel/helper-create-class-features-plugin@7.29.7 want: ^7.29.7
1777 silly placeDep node_modules/@babel/helper-create-class-features-plugin semver@6.3.1 OK for: @babel/helper-create-class-features-plugin@7.29.7 want: ^6.3.1
1778 silly placeDep ROOT babel-plugin-polyfill-corejs2@0.4.17 OK for: @babel/plugin-transform-runtime@7.29.7 want: ^0.4.14
1779 silly placeDep ROOT babel-plugin-polyfill-corejs3@0.13.0 OK for: @babel/plugin-transform-runtime@7.29.7 want: ^0.13.0
1780 silly placeDep ROOT babel-plugin-polyfill-regenerator@0.6.8 OK for: @babel/plugin-transform-runtime@7.29.7 want: ^0.6.5
1781 silly placeDep node_modules/@babel/plugin-transform-runtime semver@6.3.1 OK for: @babel/plugin-transform-runtime@7.29.7 want: ^6.3.1
1782 silly fetch manifest @babel/helper-define-polyfill-provider@^0.6.8
1783 silly packumentCache full:https://registry.npmjs.org/@babel%2fhelper-define-polyfill-provider cache-miss
1784 silly fetch manifest core-js-compat@^3.43.0
1785 silly packumentCache full:https://registry.npmjs.org/core-js-compat cache-miss
1786 silly fetch manifest @babel/helper-define-polyfill-provider@^0.6.5
1787 silly packumentCache full:https://registry.npmjs.org/@babel%2fhelper-define-polyfill-provider cache-miss
1788 silly fetch manifest @babel/helper-define-polyfill-provider@^0.6.8
1789 silly packumentCache full:https://registry.npmjs.org/@babel%2fhelper-define-polyfill-provider cache-miss
1790 http cache https://registry.npmjs.org/core-js-compat 5ms (cache hit)
1791 silly packumentCache full:https://registry.npmjs.org/core-js-compat set size:347525 disposed:false
1792 http fetch GET 200 https://registry.npmjs.org/@babel%2fhelper-define-polyfill-provider 23ms (cache miss)
1793 silly packumentCache full:https://registry.npmjs.org/@babel%2fhelper-define-polyfill-provider set size:undefined disposed:false
1794 http fetch GET 200 https://registry.npmjs.org/@babel%2fhelper-define-polyfill-provider 46ms (cache miss)
1795 silly packumentCache full:https://registry.npmjs.org/@babel%2fhelper-define-polyfill-provider set size:undefined disposed:false
1796 http fetch GET 200 https://registry.npmjs.org/@babel%2fhelper-define-polyfill-provider 121ms (cache miss)
1797 silly packumentCache full:https://registry.npmjs.org/@babel%2fhelper-define-polyfill-provider set size:undefined disposed:false
1798 silly placeDep ROOT @babel/plugin-bugfix-firefox-class-in-computed-class-key@7.29.7 OK for: @babel/preset-env@7.29.7 want: ^7.29.7
1799 silly placeDep ROOT @babel/plugin-bugfix-safari-class-field-initializer-scope@7.29.7 OK for: @babel/preset-env@7.29.7 want: ^7.29.7
1800 silly placeDep ROOT @babel/plugin-bugfix-safari-id-destructuring-collision-in-function-expression@7.29.7 OK for: @babel/preset-env@7.29.7 want: ^7.29.7
1801 silly placeDep ROOT @babel/plugin-bugfix-safari-rest-destructuring-rhs-array@7.29.7 OK for: @babel/preset-env@7.29.7 want: ^7.29.7
1802 silly placeDep ROOT @babel/plugin-bugfix-v8-spread-parameters-in-optional-chaining@7.29.7 OK for: @babel/preset-env@7.29.7 want: ^7.29.7
1803 silly placeDep ROOT @babel/plugin-bugfix-v8-static-class-fields-redefine-readonly@7.29.7 OK for: @babel/preset-env@7.29.7 want: ^7.29.7
1804 silly placeDep ROOT @babel/plugin-proposal-private-property-in-object@7.21.0-placeholder-for-preset-env.2 OK for: @babel/preset-env@7.29.7 want: 7.21.0-placeholder-for-preset-env.2
1805 silly placeDep ROOT @babel/plugin-syntax-import-assertions@7.29.7 OK for: @babel/preset-env@7.29.7 want: ^7.29.7
1806 silly placeDep ROOT @babel/plugin-syntax-import-attributes@7.29.7 OK for: @babel/preset-env@7.29.7 want: ^7.29.7
1807 silly placeDep ROOT @babel/plugin-syntax-unicode-sets-regex@7.18.6 OK for: @babel/preset-env@7.29.7 want: ^7.18.6
1808 silly placeDep ROOT @babel/plugin-transform-arrow-functions@7.29.7 OK for: @babel/preset-env@7.29.7 want: ^7.29.7
1809 silly placeDep ROOT @babel/plugin-transform-async-generator-functions@7.29.7 OK for: @babel/preset-env@7.29.7 want: ^7.29.7
1810 silly placeDep ROOT @babel/plugin-transform-async-to-generator@7.29.7 OK for: @babel/preset-env@7.29.7 want: ^7.29.7
1811 silly placeDep ROOT @babel/plugin-transform-block-scoped-functions@7.29.7 OK for: @babel/preset-env@7.29.7 want: ^7.29.7
1812 silly placeDep ROOT @babel/plugin-transform-block-scoping@7.29.7 OK for: @babel/preset-env@7.29.7 want: ^7.29.7
1813 silly placeDep ROOT @babel/plugin-transform-classes@7.29.7 OK for: @babel/preset-env@7.29.7 want: ^7.29.7
1814 silly placeDep ROOT @babel/plugin-transform-computed-properties@7.29.7 OK for: @babel/preset-env@7.29.7 want: ^7.29.7
1815 silly placeDep ROOT @babel/plugin-transform-destructuring@7.29.7 OK for: @babel/preset-env@7.29.7 want: ^7.29.7
1816 silly placeDep ROOT @babel/plugin-transform-dotall-regex@7.29.7 OK for: @babel/preset-env@7.29.7 want: ^7.29.7
1817 silly placeDep ROOT @babel/plugin-transform-duplicate-keys@7.29.7 OK for: @babel/preset-env@7.29.7 want: ^7.29.7
1818 silly placeDep ROOT @babel/plugin-transform-duplicate-named-capturing-groups-regex@7.29.7 OK for: @babel/preset-env@7.29.7 want: ^7.29.7
1819 silly placeDep ROOT @babel/plugin-transform-dynamic-import@7.29.7 OK for: @babel/preset-env@7.29.7 want: ^7.29.7
1820 silly placeDep ROOT @babel/plugin-transform-explicit-resource-management@7.29.7 OK for: @babel/preset-env@7.29.7 want: ^7.29.7
1821 silly placeDep ROOT @babel/plugin-transform-exponentiation-operator@7.29.7 OK for: @babel/preset-env@7.29.7 want: ^7.29.7
1822 silly placeDep ROOT @babel/plugin-transform-export-namespace-from@7.29.7 OK for: @babel/preset-env@7.29.7 want: ^7.29.7
1823 silly placeDep ROOT @babel/plugin-transform-for-of@7.29.7 OK for: @babel/preset-env@7.29.7 want: ^7.29.7
1824 silly placeDep ROOT @babel/plugin-transform-function-name@7.29.7 OK for: @babel/preset-env@7.29.7 want: ^7.29.7
1825 silly placeDep ROOT @babel/plugin-transform-json-strings@7.29.7 OK for: @babel/preset-env@7.29.7 want: ^7.29.7
1826 silly placeDep ROOT @babel/plugin-transform-literals@7.29.7 OK for: @babel/preset-env@7.29.7 want: ^7.29.7
1827 silly placeDep ROOT @babel/plugin-transform-logical-assignment-operators@7.29.7 OK for: @babel/preset-env@7.29.7 want: ^7.29.7
1828 silly placeDep ROOT @babel/plugin-transform-member-expression-literals@7.29.7 OK for: @babel/preset-env@7.29.7 want: ^7.29.7
1829 silly placeDep ROOT @babel/plugin-transform-modules-amd@7.29.7 OK for: @babel/preset-env@7.29.7 want: ^7.29.7
1830 silly placeDep ROOT @babel/plugin-transform-modules-commonjs@7.29.7 OK for: @babel/preset-env@7.29.7 want: ^7.29.7
1831 silly placeDep ROOT @babel/plugin-transform-modules-systemjs@7.29.8 OK for: @babel/preset-env@7.29.7 want: ^7.29.7
1832 silly placeDep ROOT @babel/plugin-transform-modules-umd@7.29.7 OK for: @babel/preset-env@7.29.7 want: ^7.29.7
1833 silly placeDep ROOT @babel/plugin-transform-named-capturing-groups-regex@7.29.7 OK for: @babel/preset-env@7.29.7 want: ^7.29.7
1834 silly placeDep ROOT @babel/plugin-transform-new-target@7.29.7 OK for: @babel/preset-env@7.29.7 want: ^7.29.7
1835 silly placeDep ROOT @babel/plugin-transform-nullish-coalescing-operator@7.29.7 OK for: @babel/preset-env@7.29.7 want: ^7.29.7
1836 silly placeDep ROOT @babel/plugin-transform-numeric-separator@7.29.7 OK for: @babel/preset-env@7.29.7 want: ^7.29.7
1837 silly placeDep ROOT @babel/plugin-transform-object-rest-spread@7.29.7 OK for: @babel/preset-env@7.29.7 want: ^7.29.7
1838 silly placeDep ROOT @babel/plugin-transform-object-super@7.29.7 OK for: @babel/preset-env@7.29.7 want: ^7.29.7
1839 silly placeDep ROOT @babel/plugin-transform-optional-catch-binding@7.29.7 OK for: @babel/preset-env@7.29.7 want: ^7.29.7
1840 silly placeDep ROOT @babel/plugin-transform-optional-chaining@7.29.7 OK for: @babel/preset-env@7.29.7 want: ^7.29.7
1841 silly placeDep ROOT @babel/plugin-transform-parameters@7.29.7 OK for: @babel/preset-env@7.29.7 want: ^7.29.7
1842 silly placeDep ROOT @babel/plugin-transform-property-literals@7.29.7 OK for: @babel/preset-env@7.29.7 want: ^7.29.7
1843 silly placeDep ROOT @babel/plugin-transform-regenerator@7.29.8 OK for: @babel/preset-env@7.29.7 want: ^7.29.7
1844 silly placeDep ROOT @babel/plugin-transform-regexp-modifiers@7.29.7 OK for: @babel/preset-env@7.29.7 want: ^7.29.7
1845 silly placeDep ROOT @babel/plugin-transform-reserved-words@7.29.7 OK for: @babel/preset-env@7.29.7 want: ^7.29.7
1846 silly placeDep ROOT @babel/plugin-transform-shorthand-properties@7.29.7 OK for: @babel/preset-env@7.29.7 want: ^7.29.7
1847 silly placeDep ROOT @babel/plugin-transform-spread@7.29.8 OK for: @babel/preset-env@7.29.7 want: ^7.29.7
1848 silly placeDep ROOT @babel/plugin-transform-sticky-regex@7.29.7 OK for: @babel/preset-env@7.29.7 want: ^7.29.7
1849 silly placeDep ROOT @babel/plugin-transform-template-literals@7.29.7 OK for: @babel/preset-env@7.29.7 want: ^7.29.7
1850 silly placeDep ROOT @babel/plugin-transform-typeof-symbol@7.29.7 OK for: @babel/preset-env@7.29.7 want: ^7.29.7
1851 silly placeDep ROOT @babel/plugin-transform-unicode-escapes@7.29.7 OK for: @babel/preset-env@7.29.7 want: ^7.29.7
1852 silly placeDep ROOT @babel/plugin-transform-unicode-property-regex@7.29.7 OK for: @babel/preset-env@7.29.7 want: ^7.29.7
1853 silly placeDep ROOT @babel/plugin-transform-unicode-regex@7.29.7 OK for: @babel/preset-env@7.29.7 want: ^7.29.7
1854 silly placeDep ROOT @babel/plugin-transform-unicode-sets-regex@7.29.7 OK for: @babel/preset-env@7.29.7 want: ^7.29.7
1855 silly placeDep ROOT @babel/preset-modules@0.1.6-no-external-plugins OK for: @babel/preset-env@7.29.7 want: 0.1.6-no-external-plugins
1856 silly placeDep node_modules/@babel/preset-env babel-plugin-polyfill-corejs3@0.14.2 OK for: @babel/preset-env@7.29.7 want: ^0.14.0
1857 silly placeDep ROOT core-js-compat@3.50.0 OK for: @babel/preset-env@7.29.7 want: ^3.48.0
1858 silly placeDep node_modules/@babel/preset-env semver@6.3.1 OK for: @babel/preset-env@7.29.7 want: ^6.3.1
1859 silly fetch manifest @babel/helper-create-regexp-features-plugin@^7.18.6
1860 silly packumentCache full:https://registry.npmjs.org/@babel%2fhelper-create-regexp-features-plugin cache-miss
1861 silly fetch manifest @babel/helper-remap-async-to-generator@^7.29.7
1862 silly packumentCache full:https://registry.npmjs.org/@babel%2fhelper-remap-async-to-generator cache-miss
1863 silly fetch manifest @babel/helper-remap-async-to-generator@^7.29.7
1864 silly packumentCache full:https://registry.npmjs.org/@babel%2fhelper-remap-async-to-generator cache-miss
1865 silly fetch manifest @babel/helper-create-regexp-features-plugin@^7.29.7
1866 silly packumentCache full:https://registry.npmjs.org/@babel%2fhelper-create-regexp-features-plugin cache-miss
1867 silly fetch manifest @babel/helper-create-regexp-features-plugin@^7.29.7
1868 silly packumentCache full:https://registry.npmjs.org/@babel%2fhelper-create-regexp-features-plugin cache-miss
1869 silly fetch manifest @babel/helper-create-regexp-features-plugin@^7.29.7
1870 silly packumentCache full:https://registry.npmjs.org/@babel%2fhelper-create-regexp-features-plugin cache-miss
1871 silly fetch manifest @babel/helper-create-regexp-features-plugin@^7.29.7
1872 silly packumentCache full:https://registry.npmjs.org/@babel%2fhelper-create-regexp-features-plugin cache-miss
1873 silly fetch manifest @babel/helper-create-regexp-features-plugin@^7.29.7
1874 silly packumentCache full:https://registry.npmjs.org/@babel%2fhelper-create-regexp-features-plugin cache-miss
1875 silly fetch manifest @babel/helper-create-regexp-features-plugin@^7.29.7
1876 silly packumentCache full:https://registry.npmjs.org/@babel%2fhelper-create-regexp-features-plugin cache-miss
1877 silly fetch manifest @babel/helper-create-regexp-features-plugin@^7.29.7
1878 silly packumentCache full:https://registry.npmjs.org/@babel%2fhelper-create-regexp-features-plugin cache-miss
1879 silly fetch manifest esutils@^2.0.2
1880 silly packumentCache full:https://registry.npmjs.org/esutils cache-miss
1881 http fetch GET 200 https://registry.npmjs.org/esutils 39ms (cache miss)
1882 silly packumentCache full:https://registry.npmjs.org/esutils set size:undefined disposed:false
1883 http fetch GET 200 https://registry.npmjs.org/@babel%2fhelper-create-regexp-features-plugin 53ms (cache miss)
1884 silly packumentCache full:https://registry.npmjs.org/@babel%2fhelper-create-regexp-features-plugin set size:undefined disposed:false
1885 http fetch GET 200 https://registry.npmjs.org/@babel%2fhelper-create-regexp-features-plugin 55ms (cache miss)
1886 silly packumentCache full:https://registry.npmjs.org/@babel%2fhelper-create-regexp-features-plugin set size:undefined disposed:false
1887 http fetch GET 200 https://registry.npmjs.org/@babel%2fhelper-create-regexp-features-plugin 57ms (cache miss)
1888 silly packumentCache full:https://registry.npmjs.org/@babel%2fhelper-create-regexp-features-plugin set size:undefined disposed:false
1889 http fetch GET 200 https://registry.npmjs.org/@babel%2fhelper-create-regexp-features-plugin 60ms (cache miss)
1890 silly packumentCache full:https://registry.npmjs.org/@babel%2fhelper-create-regexp-features-plugin set size:undefined disposed:false
1891 http fetch GET 200 https://registry.npmjs.org/@babel%2fhelper-create-regexp-features-plugin 62ms (cache miss)
1892 silly packumentCache full:https://registry.npmjs.org/@babel%2fhelper-create-regexp-features-plugin set size:undefined disposed:false
1893 http fetch GET 200 https://registry.npmjs.org/@babel%2fhelper-create-regexp-features-plugin 63ms (cache miss)
1894 silly packumentCache full:https://registry.npmjs.org/@babel%2fhelper-create-regexp-features-plugin set size:undefined disposed:false
1895 http fetch GET 200 https://registry.npmjs.org/@babel%2fhelper-create-regexp-features-plugin 66ms (cache miss)
1896 silly packumentCache full:https://registry.npmjs.org/@babel%2fhelper-create-regexp-features-plugin set size:undefined disposed:false
1897 http fetch GET 200 https://registry.npmjs.org/@babel%2fhelper-create-regexp-features-plugin 67ms (cache miss)
1898 silly packumentCache full:https://registry.npmjs.org/@babel%2fhelper-create-regexp-features-plugin set size:undefined disposed:false
1899 http fetch GET 200 https://registry.npmjs.org/@babel%2fhelper-remap-async-to-generator 70ms (cache miss)
1900 silly packumentCache full:https://registry.npmjs.org/@babel%2fhelper-remap-async-to-generator set size:undefined disposed:false
1901 http fetch GET 200 https://registry.npmjs.org/@babel%2fhelper-remap-async-to-generator 73ms (cache miss)
1902 silly packumentCache full:https://registry.npmjs.org/@babel%2fhelper-remap-async-to-generator set size:undefined disposed:false
1903 silly placeDep ROOT @babel/helper-create-regexp-features-plugin@7.29.7 OK for: @babel/plugin-syntax-unicode-sets-regex@7.18.6 want: ^7.18.6
1904 silly fetch manifest regexpu-core@^6.3.1
1905 silly packumentCache full:https://registry.npmjs.org/regexpu-core cache-miss
1906 http fetch GET 200 https://registry.npmjs.org/regexpu-core 24ms (cache miss)
1907 silly packumentCache full:https://registry.npmjs.org/regexpu-core set size:undefined disposed:false
1908 silly placeDep ROOT regexpu-core@6.4.0 OK for: @babel/helper-create-regexp-features-plugin@7.29.7 want: ^6.3.1
1909 silly placeDep node_modules/@babel/helper-create-regexp-features-plugin semver@6.3.1 OK for: @babel/helper-create-regexp-features-plugin@7.29.7 want: ^6.3.1
1910 silly fetch manifest regenerate@^1.4.2
1911 silly packumentCache full:https://registry.npmjs.org/regenerate cache-miss
1912 silly fetch manifest regenerate-unicode-properties@^10.2.2
1913 silly packumentCache full:https://registry.npmjs.org/regenerate-unicode-properties cache-miss
1914 silly fetch manifest regjsgen@^0.8.0
1915 silly packumentCache full:https://registry.npmjs.org/regjsgen cache-miss
1916 silly fetch manifest regjsparser@^0.13.0
1917 silly packumentCache full:https://registry.npmjs.org/regjsparser cache-miss
1918 silly fetch manifest unicode-match-property-ecmascript@^2.0.0
1919 silly packumentCache full:https://registry.npmjs.org/unicode-match-property-ecmascript cache-miss
1920 silly fetch manifest unicode-match-property-value-ecmascript@^2.2.1
1921 silly packumentCache full:https://registry.npmjs.org/unicode-match-property-value-ecmascript cache-miss
1922 http fetch GET 200 https://registry.npmjs.org/regenerate 25ms (cache miss)
1923 silly packumentCache full:https://registry.npmjs.org/regenerate set size:undefined disposed:false
1924 http fetch GET 200 https://registry.npmjs.org/regjsgen 30ms (cache miss)
1925 silly packumentCache full:https://registry.npmjs.org/regjsgen set size:undefined disposed:false
1926 http fetch GET 200 https://registry.npmjs.org/regjsparser 30ms (cache miss)
1927 silly packumentCache full:https://registry.npmjs.org/regjsparser set size:undefined disposed:false
1928 http fetch GET 200 https://registry.npmjs.org/unicode-match-property-value-ecmascript 30ms (cache miss)
1929 silly packumentCache full:https://registry.npmjs.org/unicode-match-property-value-ecmascript set size:undefined disposed:false
1930 http fetch GET 200 https://registry.npmjs.org/unicode-match-property-ecmascript 32ms (cache miss)
1931 silly packumentCache full:https://registry.npmjs.org/unicode-match-property-ecmascript set size:undefined disposed:false
1932 http fetch GET 200 https://registry.npmjs.org/regenerate-unicode-properties 35ms (cache miss)
1933 silly packumentCache full:https://registry.npmjs.org/regenerate-unicode-properties set size:undefined disposed:false
1934 silly placeDep ROOT @babel/helper-remap-async-to-generator@7.29.7 OK for: @babel/plugin-transform-async-generator-functions@7.29.7 want: ^7.29.7
1935 silly fetch manifest @babel/helper-wrap-function@^7.29.7
1936 silly packumentCache full:https://registry.npmjs.org/@babel%2fhelper-wrap-function cache-miss
1937 http fetch GET 200 https://registry.npmjs.org/@babel%2fhelper-wrap-function 26ms (cache miss)
1938 silly packumentCache full:https://registry.npmjs.org/@babel%2fhelper-wrap-function set size:undefined disposed:false
1939 silly placeDep ROOT @babel/helper-wrap-function@7.29.7 OK for: @babel/helper-remap-async-to-generator@7.29.7 want: ^7.29.7
1940 silly placeDep ROOT @babel/helper-globals@7.29.7 OK for: @babel/plugin-transform-classes@7.29.7 want: ^7.29.7
1941 silly placeDep ROOT esutils@2.0.3 OK for: @babel/preset-modules@0.1.6-no-external-plugins want: ^2.0.2
1942 silly placeDep ROOT @babel/plugin-syntax-jsx@7.29.7 OK for: @babel/preset-typescript@7.29.7 want: ^7.29.7
1943 silly placeDep ROOT @babel/plugin-transform-typescript@7.29.7 OK for: @babel/preset-typescript@7.29.7 want: ^7.29.7
1944 silly fetch manifest @babel/plugin-syntax-typescript@^7.29.7
1945 silly packumentCache full:https://registry.npmjs.org/@babel%2fplugin-syntax-typescript cache-miss
1946 http cache https://registry.npmjs.org/@babel%2fplugin-syntax-typescript 3ms (cache hit)
1947 silly packumentCache full:https://registry.npmjs.org/@babel%2fplugin-syntax-typescript set size:221236 disposed:false
1948 silly placeDep ROOT @babel/plugin-syntax-typescript@7.29.7 OK for: @babel/plugin-transform-typescript@7.29.7 want: ^7.29.7
1949 silly placeDep ROOT @babel/helper-string-parser@7.29.7 OK for: @babel/types@7.29.8 want: ^7.29.7
1950 silly placeDep ROOT @jridgewell/sourcemap-codec@1.5.5 OK for: @jridgewell/gen-mapping@0.3.13 want: ^1.5.0
1951 silly placeDep ROOT @jridgewell/resolve-uri@3.1.2 OK for: @jridgewell/trace-mapping@0.3.31 want: ^3.1.0
1952 silly placeDep ROOT ejs@5.0.1 OK for: @nx/devkit@23.1.1 want: 5.0.1
1953 silly placeDep ROOT enquirer@2.3.6 OK for: @nx/devkit@23.1.1 want: ~2.3.6
1954 silly placeDep ROOT minimatch@10.2.5 OK for: @nx/devkit@23.1.1 want: 10.2.5
1955 silly placeDep ROOT yargs-parser@21.1.1 OK for: @nx/devkit@23.1.1 want: 21.1.1
1956 silly fetch manifest ansi-colors@^4.1.1
1957 silly packumentCache full:https://registry.npmjs.org/ansi-colors cache-miss
1958 silly fetch manifest brace-expansion@^5.0.5
1959 silly packumentCache full:https://registry.npmjs.org/brace-expansion cache-miss
1960 http cache https://registry.npmjs.org/ansi-colors 3ms (cache hit)
1961 silly packumentCache full:https://registry.npmjs.org/ansi-colors set size:110876 disposed:false
1962 http cache https://registry.npmjs.org/brace-expansion 4ms (cache hit)
1963 silly packumentCache full:https://registry.npmjs.org/brace-expansion set size:101024 disposed:false
1964 silly placeDep ROOT argparse@2.0.1 OK for: @zkochan/js-yaml@0.0.7 want: ^2.0.1
1965 silly placeDep ROOT @phc/format@1.0.0 OK for: argon2@0.45.1 want: ^1.0.0
1966 silly placeDep ROOT cross-env@10.1.0 OK for: argon2@0.45.1 want: ^10.1.0
1967 silly placeDep ROOT node-addon-api@8.9.2 OK for: argon2@0.45.1 want: ^8.9.0
1968 silly placeDep ROOT node-gyp-build@4.8.4 OK for: argon2@0.45.1 want: ^4.8.4
1969 silly fetch manifest @epic-web/invariant@^1.0.0
1970 silly packumentCache full:https://registry.npmjs.org/@epic-web%2finvariant cache-miss
1971 silly fetch manifest cross-spawn@^7.0.6
1972 silly packumentCache full:https://registry.npmjs.org/cross-spawn cache-miss
1973 http fetch GET 200 https://registry.npmjs.org/cross-spawn 20ms (cache miss)
1974 silly packumentCache full:https://registry.npmjs.org/cross-spawn set size:undefined disposed:false
1975 http fetch GET 200 https://registry.npmjs.org/@epic-web%2finvariant 29ms (cache miss)
1976 silly packumentCache full:https://registry.npmjs.org/@epic-web%2finvariant set size:undefined disposed:false
1977 silly placeDep ROOT cosmiconfig@7.1.0 OK for: babel-plugin-macros@3.1.0 want: ^7.0.0
1978 silly placeDep ROOT resolve@1.22.12 OK for: babel-plugin-macros@3.1.0 want: ^1.19.0
1979 silly fetch manifest yaml@^1.10.0
1980 silly packumentCache full:https://registry.npmjs.org/yaml cache-miss
1981 silly fetch manifest path-type@^4.0.0
1982 silly packumentCache full:https://registry.npmjs.org/path-type cache-miss
1983 silly fetch manifest parse-json@^5.0.0
1984 silly packumentCache full:https://registry.npmjs.org/parse-json cache-miss
1985 silly fetch manifest import-fresh@^3.2.1
1986 silly packumentCache full:https://registry.npmjs.org/import-fresh cache-miss
1987 silly fetch manifest @types/parse-json@^4.0.0
1988 silly packumentCache full:https://registry.npmjs.org/@types%2fparse-json cache-miss
1989 silly fetch manifest es-errors@^1.3.0
1990 silly packumentCache full:https://registry.npmjs.org/es-errors cache-miss
1991 silly fetch manifest path-parse@^1.0.7
1992 silly packumentCache full:https://registry.npmjs.org/path-parse cache-miss
1993 silly fetch manifest is-core-module@^2.16.1
1994 silly packumentCache full:https://registry.npmjs.org/is-core-module cache-miss
1995 silly fetch manifest supports-preserve-symlinks-flag@^1.0.0
1996 silly packumentCache full:https://registry.npmjs.org/supports-preserve-symlinks-flag cache-miss
1997 http cache https://registry.npmjs.org/yaml 8ms (cache hit)
1998 silly packumentCache full:https://registry.npmjs.org/yaml set size:385754 disposed:false
1999 http cache https://registry.npmjs.org/es-errors 11ms (cache hit)
2000 silly packumentCache full:https://registry.npmjs.org/es-errors set size:16918 disposed:false
2001 http fetch GET 200 https://registry.npmjs.org/parse-json 26ms (cache miss)
2002 silly packumentCache full:https://registry.npmjs.org/parse-json set size:undefined disposed:false
2003 http fetch GET 200 https://registry.npmjs.org/import-fresh 27ms (cache miss)
2004 silly packumentCache full:https://registry.npmjs.org/import-fresh set size:undefined disposed:false
2005 http fetch GET 200 https://registry.npmjs.org/path-type 28ms (cache miss)
2006 silly packumentCache full:https://registry.npmjs.org/path-type set size:undefined disposed:false
2007 http fetch GET 200 https://registry.npmjs.org/path-parse 28ms (cache miss)
2008 silly packumentCache full:https://registry.npmjs.org/path-parse set size:undefined disposed:false
2009 http fetch GET 200 https://registry.npmjs.org/supports-preserve-symlinks-flag 28ms (cache miss)
2010 silly packumentCache full:https://registry.npmjs.org/supports-preserve-symlinks-flag set size:undefined disposed:false
2011 http fetch GET 200 https://registry.npmjs.org/is-core-module 30ms (cache miss)
2012 silly packumentCache full:https://registry.npmjs.org/is-core-module set size:undefined disposed:false
2013 http fetch GET 200 https://registry.npmjs.org/@types%2fparse-json 31ms (cache miss)
2014 silly packumentCache full:https://registry.npmjs.org/@types%2fparse-json set size:undefined disposed:false
2015 silly fetch manifest @babel/core@^7.4.0 || ^8.0.0-0 <8.0.0
2016 silly packumentCache full:https://registry.npmjs.org/@babel%2fcore cache-hit
2017 silly placeDep ROOT @babel/helper-define-polyfill-provider@0.6.8 OK for: babel-plugin-polyfill-corejs2@0.4.17 want: ^0.6.8
2018 silly placeDep node_modules/babel-plugin-polyfill-corejs2 semver@6.3.1 OK for: babel-plugin-polyfill-corejs2@0.4.17 want: ^6.3.1
2019 silly fetch manifest lodash.debounce@^4.0.8
2020 silly packumentCache full:https://registry.npmjs.org/lodash.debounce cache-miss
2021 http fetch GET 200 https://registry.npmjs.org/lodash.debounce 16ms (cache miss)
2022 silly packumentCache full:https://registry.npmjs.org/lodash.debounce set size:undefined disposed:false
2023 silly placeDep ROOT lodash.debounce@4.0.8 OK for: @babel/helper-define-polyfill-provider@0.6.8 want: ^4.0.8
2024 silly fetch manifest browserslist@>= 4.21.0
2025 silly packumentCache full:https://registry.npmjs.org/browserslist cache-miss
2026 http cache https://registry.npmjs.org/browserslist 3ms (cache hit)
2027 silly packumentCache full:https://registry.npmjs.org/browserslist set size:518659 disposed:false
2028 silly placeDep ROOT baseline-browser-mapping@2.11.15 OK for: browserslist@4.28.8 want: ^2.11.12
2029 silly placeDep ROOT caniuse-lite@1.0.30001809 OK for: browserslist@4.28.8 want: ^1.0.30001809
2030 silly placeDep ROOT electron-to-chromium@1.5.411 OK for: browserslist@4.28.8 want: ^1.5.402
2031 silly placeDep ROOT node-releases@2.0.53 OK for: browserslist@4.28.8 want: ^2.0.53
2032 silly placeDep ROOT update-browserslist-db@1.3.1 OK for: browserslist@4.28.8 want: ^1.3.0
2033 silly fetch manifest escalade@^3.2.0
2034 silly packumentCache full:https://registry.npmjs.org/escalade cache-miss
2035 http cache https://registry.npmjs.org/escalade 2ms (cache hit)
2036 silly packumentCache full:https://registry.npmjs.org/escalade set size:33724 disposed:false
2037 silly placeDep ROOT ansi-styles@4.3.0 OK for: chalk@4.1.2 want: ^4.1.0
2038 silly placeDep ROOT supports-color@7.2.0 OK for: chalk@4.1.2 want: ^7.1.0
2039 silly fetch manifest color-convert@^2.0.1
2040 silly packumentCache full:https://registry.npmjs.org/color-convert cache-miss
2041 silly fetch manifest has-flag@^4.0.0
2042 silly packumentCache full:https://registry.npmjs.org/has-flag cache-miss
2043 http cache https://registry.npmjs.org/color-convert 2ms (cache hit)
2044 silly packumentCache full:https://registry.npmjs.org/color-convert set size:72663 disposed:false
2045 http cache https://registry.npmjs.org/has-flag 4ms (cache hit)
2046 silly packumentCache full:https://registry.npmjs.org/has-flag set size:15180 disposed:false
2047 silly placeDep ROOT color-convert@2.0.1 OK for: ansi-styles@4.3.0 want: ^2.0.1
2048 silly fetch manifest color-name@~1.1.4
2049 silly packumentCache full:https://registry.npmjs.org/color-name cache-miss
2050 http cache https://registry.npmjs.org/color-name 2ms (cache hit)
2051 silly packumentCache full:https://registry.npmjs.org/color-name set size:20968 disposed:false
2052 silly placeDep ROOT color-name@1.1.4 OK for: color-convert@2.0.1 want: ~1.1.4
2053 silly placeDep ROOT strip-ansi@6.0.1 OK for: columnify@1.6.0 want: ^6.0.1
2054 silly placeDep ROOT wcwidth@1.0.1 OK for: columnify@1.6.0 want: ^1.0.0
2055 silly fetch manifest ansi-regex@^5.0.1
2056 silly packumentCache full:https://registry.npmjs.org/ansi-regex cache-miss
2057 silly fetch manifest defaults@^1.0.3
2058 silly packumentCache full:https://registry.npmjs.org/defaults cache-miss
2059 http cache https://registry.npmjs.org/ansi-regex 5ms (cache hit)
2060 silly packumentCache full:https://registry.npmjs.org/ansi-regex set size:48203 disposed:false
2061 http cache https://registry.npmjs.org/defaults 6ms (cache hit)
2062 silly packumentCache full:https://registry.npmjs.org/defaults set size:18134 disposed:false
2063 silly placeDep ROOT @types/parse-json@4.0.2 OK for: cosmiconfig@7.1.0 want: ^4.0.0
2064 silly placeDep ROOT import-fresh@3.3.1 OK for: cosmiconfig@7.1.0 want: ^3.2.1
2065 silly placeDep ROOT parse-json@5.2.0 OK for: cosmiconfig@7.1.0 want: ^5.0.0
2066 silly placeDep ROOT path-type@4.0.0 OK for: cosmiconfig@7.1.0 want: ^4.0.0
2067 silly placeDep ROOT yaml@1.10.3 OK for: cosmiconfig@7.1.0 want: ^1.10.0
2068 silly fetch manifest resolve-from@^4.0.0
2069 silly packumentCache full:https://registry.npmjs.org/resolve-from cache-miss
2070 silly fetch manifest parent-module@^1.0.0
2071 silly packumentCache full:https://registry.npmjs.org/parent-module cache-miss
2072 silly fetch manifest error-ex@^1.3.1
2073 silly packumentCache full:https://registry.npmjs.org/error-ex cache-miss
2074 silly fetch manifest lines-and-columns@^1.1.6
2075 silly packumentCache full:https://registry.npmjs.org/lines-and-columns cache-miss
2076 silly fetch manifest json-parse-even-better-errors@^2.3.0
2077 silly packumentCache full:https://registry.npmjs.org/json-parse-even-better-errors cache-miss
2078 http cache https://registry.npmjs.org/lines-and-columns 4ms (cache hit)
2079 silly packumentCache full:https://registry.npmjs.org/lines-and-columns set size:73796 disposed:false
2080 http fetch GET 200 https://registry.npmjs.org/resolve-from 17ms (cache miss)
2081 silly packumentCache full:https://registry.npmjs.org/resolve-from set size:undefined disposed:false
2082 http fetch GET 200 https://registry.npmjs.org/parent-module 18ms (cache miss)
2083 silly packumentCache full:https://registry.npmjs.org/parent-module set size:undefined disposed:false
2084 http fetch GET 200 https://registry.npmjs.org/error-ex 24ms (cache miss)
2085 silly packumentCache full:https://registry.npmjs.org/error-ex set size:undefined disposed:false
2086 http fetch GET 200 https://registry.npmjs.org/json-parse-even-better-errors 24ms (cache miss)
2087 silly packumentCache full:https://registry.npmjs.org/json-parse-even-better-errors set size:undefined disposed:false
2088 silly placeDep ROOT @epic-web/invariant@1.0.0 OK for: cross-env@10.1.0 want: ^1.0.0
2089 silly placeDep ROOT cross-spawn@7.0.6 OK for: cross-env@10.1.0 want: ^7.0.6
2090 silly fetch manifest which@^2.0.1
2091 silly packumentCache full:https://registry.npmjs.org/which cache-miss
2092 silly fetch manifest path-key@^3.1.0
2093 silly packumentCache full:https://registry.npmjs.org/path-key cache-hit
2094 silly fetch manifest shebang-command@^2.0.0
2095 silly packumentCache full:https://registry.npmjs.org/shebang-command cache-miss
2096 http cache https://registry.npmjs.org/which 4ms (cache hit)
2097 silly packumentCache full:https://registry.npmjs.org/which set size:70087 disposed:false
2098 http fetch GET 200 https://registry.npmjs.org/shebang-command 14ms (cache miss)
2099 silly packumentCache full:https://registry.npmjs.org/shebang-command set size:undefined disposed:false
2100 silly placeDep ROOT path-key@3.1.1 OK for: cross-spawn@7.0.6 want: ^3.1.0
2101 silly placeDep ROOT shebang-command@2.0.0 OK for: cross-spawn@7.0.6 want: ^2.0.0
2102 silly placeDep ROOT which@2.0.2 OK for: cross-spawn@7.0.6 want: ^2.0.1
2103 silly fetch manifest shebang-regex@^3.0.0
2104 silly packumentCache full:https://registry.npmjs.org/shebang-regex cache-miss
2105 silly fetch manifest isexe@^2.0.0
2106 silly packumentCache full:https://registry.npmjs.org/isexe cache-miss
2107 http cache https://registry.npmjs.org/isexe 2ms (cache hit)
2108 silly packumentCache full:https://registry.npmjs.org/isexe set size:31756 disposed:false
2109 http fetch GET 200 https://registry.npmjs.org/shebang-regex 15ms (cache miss)
2110 silly packumentCache full:https://registry.npmjs.org/shebang-regex set size:undefined disposed:false
2111 silly placeDep ROOT ms@2.1.3 OK for: debug@4.4.3 want: ^2.1.3
2112 silly placeDep ROOT address@2.0.3 OK for: detect-port@2.1.0 want: ^2.0.1
2113 silly placeDep ROOT @types/trusted-types@2.0.7 OK for: dompurify@3.4.14 want: ^2.0.7
2114 silly placeDep ROOT ansi-colors@4.1.3 OK for: enquirer@2.3.6 want: ^4.1.1
2115 silly placeDep ROOT @tokenizer/inflate@0.4.1 OK for: file-type@22.0.2 want: ^0.4.1
2116 silly placeDep ROOT strtok3@10.3.5 OK for: file-type@22.0.2 want: ^10.3.5
2117 silly placeDep ROOT token-types@6.1.2 OK for: file-type@22.0.2 want: ^6.1.2
2118 silly placeDep ROOT uint8array-extras@1.5.0 OK for: file-type@22.0.2 want: ^1.5.0
2119 silly fetch manifest token-types@^6.1.1
2120 silly packumentCache full:https://registry.npmjs.org/token-types cache-miss
2121 silly fetch manifest @borewit/text-codec@^0.2.1
2122 silly packumentCache full:https://registry.npmjs.org/@borewit%2ftext-codec cache-miss
2123 silly fetch manifest ieee754@^1.2.1
2124 silly packumentCache full:https://registry.npmjs.org/ieee754 cache-miss
2125 http cache https://registry.npmjs.org/token-types 4ms (cache hit)
2126 silly packumentCache full:https://registry.npmjs.org/token-types set size:155133 disposed:false
2127 http cache https://registry.npmjs.org/ieee754 5ms (cache hit)
2128 silly packumentCache full:https://registry.npmjs.org/ieee754 set size:34910 disposed:false
2129 http cache https://registry.npmjs.org/@borewit%2ftext-codec 6ms (cache hit)
2130 silly packumentCache full:https://registry.npmjs.org/@borewit%2ftext-codec set size:15427 disposed:false
2131 silly placeDep ROOT parent-module@1.0.1 OK for: import-fresh@3.3.1 want: ^1.0.0
2132 silly placeDep ROOT resolve-from@4.0.0 OK for: import-fresh@3.3.1 want: ^4.0.0
2133 silly fetch manifest callsites@^3.0.0
2134 silly packumentCache full:https://registry.npmjs.org/callsites cache-miss
2135 http fetch GET 200 https://registry.npmjs.org/callsites 17ms (cache miss)
2136 silly packumentCache full:https://registry.npmjs.org/callsites set size:undefined disposed:false
2137 silly fetch manifest @noble/hashes@^1.8.0 || ^2.0.0
2138 silly packumentCache full:https://registry.npmjs.org/@noble%2fhashes cache-miss
2139 http fetch GET 200 https://registry.npmjs.org/@noble%2fhashes 36ms (cache miss)
2140 silly packumentCache full:https://registry.npmjs.org/@noble%2fhashes set size:undefined disposed:false
2141 silly placeDep ROOT @asamuzakjp/css-color@6.0.7 OK for: jsdom@30.0.1 want: ^6.0.5
2142 silly placeDep ROOT @asamuzakjp/dom-selector@8.3.2 OK for: jsdom@30.0.1 want: ^8.3.0
2143 silly placeDep ROOT @bramus/specificity@2.4.2 OK for: jsdom@30.0.1 want: ^2.4.2
2144 silly placeDep ROOT @csstools/css-syntax-patches-for-csstree@1.1.8 OK for: jsdom@30.0.1 want: ^1.1.7
2145 silly placeDep ROOT @exodus/bytes@1.15.1 OK for: jsdom@30.0.1 want: ^1.15.1
2146 silly placeDep ROOT css-tree@3.2.1 OK for: jsdom@30.0.1 want: ^3.2.1
2147 silly placeDep ROOT data-urls@7.0.0 OK for: jsdom@30.0.1 want: ^7.0.0
2148 silly placeDep ROOT decimal.js@10.6.0 OK for: jsdom@30.0.1 want: ^10.6.0
2149 silly placeDep ROOT html-encoding-sniffer@6.0.0 OK for: jsdom@30.0.1 want: ^6.0.0
2150 silly placeDep ROOT is-potential-custom-element-name@1.0.1 OK for: jsdom@30.0.1 want: ^1.0.1
2151 silly placeDep node_modules/jsdom lru-cache@11.5.2 OK for: jsdom@30.0.1 want: ^11.5.2
2152 silly placeDep ROOT saxes@6.0.0 OK for: jsdom@30.0.1 want: ^6.0.0
2153 silly placeDep ROOT symbol-tree@3.2.4 OK for: jsdom@30.0.1 want: ^3.2.4
2154 silly placeDep ROOT tough-cookie@6.0.2 OK for: jsdom@30.0.1 want: ^6.0.2
2155 silly placeDep ROOT undici@8.10.0 OK for: jsdom@30.0.1 want: ^8.9.0
2156 silly placeDep ROOT w3c-xmlserializer@5.0.0 OK for: jsdom@30.0.1 want: ^5.0.0
2157 silly placeDep ROOT webidl-conversions@8.0.1 OK for: jsdom@30.0.1 want: ^8.0.1
2158 silly placeDep ROOT whatwg-mimetype@5.0.0 OK for: jsdom@30.0.1 want: ^5.0.0
2159 silly placeDep ROOT whatwg-url@17.1.0 OK for: jsdom@30.0.1 want: ^17.1.0
2160 silly placeDep ROOT xml-name-validator@5.0.0 OK for: jsdom@30.0.1 want: ^5.0.0
2161 silly fetch manifest @csstools/css-calc@^3.3.0
2162 silly packumentCache full:https://registry.npmjs.org/@csstools%2fcss-calc cache-miss
2163 silly fetch manifest @csstools/css-tokenizer@^4.0.0
2164 silly packumentCache full:https://registry.npmjs.org/@csstools%2fcss-tokenizer cache-miss
2165 silly fetch manifest @csstools/css-color-parser@^4.1.10
2166 silly packumentCache full:https://registry.npmjs.org/@csstools%2fcss-color-parser cache-miss
2167 silly fetch manifest @csstools/css-parser-algorithms@^4.0.0
2168 silly packumentCache full:https://registry.npmjs.org/@csstools%2fcss-parser-algorithms cache-miss
2169 silly fetch manifest bidi-js@^1.0.3
2170 silly packumentCache full:https://registry.npmjs.org/bidi-js cache-miss
2171 silly fetch manifest css-tree@^3.0.0
2172 silly packumentCache full:https://registry.npmjs.org/css-tree cache-miss
2173 silly fetch manifest mdn-data@2.27.1
2174 silly packumentCache full:https://registry.npmjs.org/mdn-data cache-miss
2175 silly fetch manifest source-map-js@^1.2.1
2176 silly packumentCache full:https://registry.npmjs.org/source-map-js cache-miss
2177 silly fetch manifest whatwg-url@^16.0.0
2178 silly packumentCache full:https://registry.npmjs.org/whatwg-url cache-miss
2179 silly fetch manifest xmlchars@^2.2.0
2180 silly packumentCache full:https://registry.npmjs.org/xmlchars cache-miss
2181 silly fetch manifest tldts@^7.0.5
2182 silly packumentCache full:https://registry.npmjs.org/tldts cache-miss
2183 silly fetch manifest tr46@^6.0.0
2184 silly packumentCache full:https://registry.npmjs.org/tr46 cache-miss
2185 http cache https://registry.npmjs.org/whatwg-url 12ms (cache hit)
2186 silly packumentCache full:https://registry.npmjs.org/whatwg-url set size:177251 disposed:false
2187 http cache https://registry.npmjs.org/css-tree 15ms (cache hit)
2188 silly packumentCache full:https://registry.npmjs.org/css-tree set size:229638 disposed:false
2189 http fetch GET 200 https://registry.npmjs.org/bidi-js 33ms (cache miss)
2190 silly packumentCache full:https://registry.npmjs.org/bidi-js set size:undefined disposed:false
2191 http fetch GET 200 https://registry.npmjs.org/source-map-js 37ms (cache miss)
2192 silly packumentCache full:https://registry.npmjs.org/source-map-js set size:undefined disposed:false
2193 http fetch GET 200 https://registry.npmjs.org/xmlchars 39ms (cache miss)
2194 silly packumentCache full:https://registry.npmjs.org/xmlchars set size:undefined disposed:false
2195 http fetch GET 200 https://registry.npmjs.org/@csstools%2fcss-tokenizer 42ms (cache miss)
2196 silly packumentCache full:https://registry.npmjs.org/@csstools%2fcss-tokenizer set size:undefined disposed:false
2197 http fetch GET 200 https://registry.npmjs.org/@csstools%2fcss-calc 44ms (cache miss)
2198 silly packumentCache full:https://registry.npmjs.org/@csstools%2fcss-calc set size:undefined disposed:false
2199 http fetch GET 200 https://registry.npmjs.org/tr46 42ms (cache miss)
2200 silly packumentCache full:https://registry.npmjs.org/tr46 set size:undefined disposed:false
2201 http fetch GET 200 https://registry.npmjs.org/@csstools%2fcss-parser-algorithms 46ms (cache miss)
2202 silly packumentCache full:https://registry.npmjs.org/@csstools%2fcss-parser-algorithms set size:undefined disposed:false
2203 http fetch GET 200 https://registry.npmjs.org/mdn-data 47ms (cache miss)
2204 silly packumentCache full:https://registry.npmjs.org/mdn-data set size:undefined disposed:false
2205 http fetch GET 200 https://registry.npmjs.org/@csstools%2fcss-color-parser 52ms (cache miss)
2206 silly packumentCache full:https://registry.npmjs.org/@csstools%2fcss-color-parser set size:undefined disposed:false
2207 http fetch GET 200 https://registry.npmjs.org/tldts 99ms (cache miss)
2208 silly packumentCache full:https://registry.npmjs.org/tldts set size:undefined disposed:false
2209 silly placeDep ROOT @csstools/css-calc@3.3.0 OK for: @asamuzakjp/css-color@6.0.7 want: ^3.3.0
2210 silly placeDep ROOT @csstools/css-parser-algorithms@4.0.0 OK for: @csstools/css-calc@3.3.0 want: ^4.0.0
2211 silly placeDep ROOT @csstools/css-tokenizer@4.0.0 OK for: @csstools/css-parser-algorithms@4.0.0 want: ^4.0.0
2212 silly placeDep ROOT @csstools/css-color-parser@4.2.0 OK for: @asamuzakjp/css-color@6.0.7 want: ^4.1.10
2213 silly placeDep node_modules/@asamuzakjp/css-color lru-cache@11.5.2 OK for: @asamuzakjp/css-color@6.0.7 want: ^11.5.2
2214 silly fetch manifest @csstools/color-helpers@^6.1.1
2215 silly packumentCache full:https://registry.npmjs.org/@csstools%2fcolor-helpers cache-miss
2216 http fetch GET 200 https://registry.npmjs.org/@csstools%2fcolor-helpers 63ms (cache miss)
2217 silly packumentCache full:https://registry.npmjs.org/@csstools%2fcolor-helpers set size:undefined disposed:false
2218 silly placeDep ROOT bidi-js@1.0.3 OK for: @asamuzakjp/dom-selector@8.3.2 want: ^1.0.3
2219 silly placeDep node_modules/@asamuzakjp/dom-selector lru-cache@11.5.2 OK for: @asamuzakjp/dom-selector@8.3.2 want: ^11.5.2
2220 silly fetch manifest require-from-string@^2.0.2
2221 silly packumentCache full:https://registry.npmjs.org/require-from-string cache-miss
2222 http fetch GET 200 https://registry.npmjs.org/require-from-string 21ms (cache miss)
2223 silly packumentCache full:https://registry.npmjs.org/require-from-string set size:undefined disposed:false
2224 silly placeDep ROOT @csstools/color-helpers@6.1.1 OK for: @csstools/css-color-parser@4.2.0 want: ^6.1.1
2225 silly placeDep ROOT require-from-string@2.0.2 OK for: bidi-js@1.0.3 want: ^2.0.2
2226 silly placeDep ROOT mdn-data@2.27.1 OK for: css-tree@3.2.1 want: 2.27.1
2227 silly placeDep ROOT source-map-js@1.2.1 OK for: css-tree@3.2.1 want: ^1.2.1
2228 silly placeDep node_modules/data-urls whatwg-url@16.0.1 OK for: data-urls@7.0.0 want: ^16.0.0
2229 silly placeDep ROOT yallist@3.1.1 OK for: lru-cache@5.1.1 want: ^3.0.2
2230 silly placeDep ROOT brace-expansion@5.0.9 OK for: minimatch@10.2.5 want: ^5.0.5
2231 silly fetch manifest balanced-match@^4.0.2
2232 silly packumentCache full:https://registry.npmjs.org/balanced-match cache-miss
2233 http cache https://registry.npmjs.org/balanced-match 3ms (cache hit)
2234 silly packumentCache full:https://registry.npmjs.org/balanced-match set size:39082 disposed:false
2235 silly placeDep ROOT balanced-match@4.0.4 OK for: brace-expansion@5.0.9 want: ^4.0.2
2236 silly placeDep ROOT @borewit/text-codec@0.2.2 OK for: music-metadata@11.15.0 want: ^0.2.2
2237 silly placeDep ROOT @tokenizer/token@0.3.0 OK for: music-metadata@11.15.0 want: ^0.3.0
2238 silly placeDep ROOT content-type@2.1.0 OK for: music-metadata@11.15.0 want: ^2.1.0
2239 silly placeDep node_modules/music-metadata file-type@21.3.4 OK for: music-metadata@11.15.0 want: ^21.3.4
2240 silly placeDep ROOT media-typer@2.0.0 OK for: music-metadata@11.15.0 want: ^2.0.0
2241 silly placeDep ROOT win-guid@0.2.1 OK for: music-metadata@11.15.0 want: ^0.2.1
2242 silly placeDep ROOT @emnapi/core@1.4.5 OK for: nx@23.1.1 want: 1.4.5
2243 silly placeDep ROOT @emnapi/runtime@1.4.5 OK for: nx@23.1.1 want: 1.4.5
2244 silly placeDep ROOT @emnapi/wasi-threads@1.0.4 OK for: nx@23.1.1 want: 1.0.4
2245 silly placeDep ROOT @jest/diff-sequences@30.0.1 OK for: nx@23.1.1 want: 30.0.1
2246 silly placeDep ROOT @napi-rs/wasm-runtime@0.2.4 OK for: nx@23.1.1 want: 0.2.4
2247 silly placeDep ROOT @nx/nx-darwin-arm64@23.1.1 OK for: nx@23.1.1 want: 23.1.1
2248 silly placeDep ROOT @nx/nx-darwin-x64@23.1.1 OK for: nx@23.1.1 want: 23.1.1
2249 silly placeDep ROOT @nx/nx-freebsd-x64@23.1.1 OK for: nx@23.1.1 want: 23.1.1
2250 silly placeDep ROOT @nx/nx-linux-arm-gnueabihf@23.1.1 OK for: nx@23.1.1 want: 23.1.1
2251 silly placeDep ROOT @nx/nx-linux-arm64-gnu@23.1.1 OK for: nx@23.1.1 want: 23.1.1
2252 silly placeDep ROOT @nx/nx-linux-arm64-musl@23.1.1 OK for: nx@23.1.1 want: 23.1.1
2253 silly placeDep ROOT @nx/nx-linux-x64-gnu@23.1.1 OK for: nx@23.1.1 want: 23.1.1
2254 silly placeDep ROOT @nx/nx-linux-x64-musl@23.1.1 OK for: nx@23.1.1 want: 23.1.1
2255 silly placeDep ROOT @nx/nx-win32-arm64-msvc@23.1.1 OK for: nx@23.1.1 want: 23.1.1
2256 silly placeDep ROOT @nx/nx-win32-x64-msvc@23.1.1 OK for: nx@23.1.1 want: 23.1.1
2257 silly placeDep ROOT @tybys/wasm-util@0.9.0 OK for: nx@23.1.1 want: 0.9.0
2258 silly placeDep ROOT @yarnpkg/lockfile@1.1.0 OK for: nx@23.1.1 want: 1.1.0
2259 silly placeDep ROOT agent-base@6.0.2 OK for: nx@23.1.1 want: 6.0.2
2260 silly placeDep ROOT ansi-regex@5.0.1 OK for: nx@23.1.1 want: 5.0.1
2261 silly placeDep ROOT asynckit@0.4.0 OK for: nx@23.1.1 want: 0.4.0
2262 silly placeDep ROOT axios@1.18.1 OK for: nx@23.1.1 want: 1.18.1
2263 silly placeDep node_modules/nx balanced-match@4.0.3 OK for: nx@23.1.1 want: 4.0.3
2264 silly placeDep ROOT base64-js@1.5.1 OK for: nx@23.1.1 want: 1.5.1
2265 silly placeDep ROOT bl@4.1.0 OK for: nx@23.1.1 want: 4.1.0
2266 silly placeDep node_modules/nx brace-expansion@5.0.8 OK for: nx@23.1.1 want: 5.0.8
2267 silly placeDep ROOT buffer@5.7.1 OK for: nx@23.1.1 want: 5.7.1
2268 silly placeDep ROOT bundle-name@4.1.0 OK for: nx@23.1.1 want: 4.1.0
2269 silly placeDep ROOT call-bind-apply-helpers@1.0.2 OK for: nx@23.1.1 want: 1.0.2
2270 silly placeDep ROOT cli-cursor@3.1.0 OK for: nx@23.1.1 want: 3.1.0
2271 silly placeDep ROOT cli-spinners@2.6.1 OK for: nx@23.1.1 want: 2.6.1
2272 silly placeDep ROOT cliui@8.0.1 OK for: nx@23.1.1 want: 8.0.1
2273 silly placeDep ROOT clone@1.0.4 OK for: nx@23.1.1 want: 1.0.4
2274 silly placeDep ROOT combined-stream@1.0.8 OK for: nx@23.1.1 want: 1.0.8
2275 silly placeDep ROOT default-browser@5.2.1 OK for: nx@23.1.1 want: 5.2.1
2276 silly placeDep ROOT default-browser-id@5.0.0 OK for: nx@23.1.1 want: 5.0.0
2277 silly placeDep ROOT defaults@1.0.4 OK for: nx@23.1.1 want: 1.0.4
2278 silly placeDep ROOT define-lazy-prop@3.0.0 OK for: nx@23.1.1 want: 3.0.0
2279 silly placeDep ROOT delayed-stream@1.0.0 OK for: nx@23.1.1 want: 1.0.0
2280 silly placeDep ROOT dotenv@16.4.7 OK for: nx@23.1.1 want: 16.4.7
2281 silly placeDep ROOT dotenv-expand@12.0.3 OK for: nx@23.1.1 want: 12.0.3
2282 silly placeDep ROOT dunder-proto@1.0.1 OK for: nx@23.1.1 want: 1.0.1
2283 silly placeDep node_modules/nx emoji-regex@8.0.0 OK for: nx@23.1.1 want: 8.0.0
2284 silly placeDep ROOT end-of-stream@1.4.5 OK for: nx@23.1.1 want: 1.4.5
2285 silly placeDep ROOT es-define-property@1.0.1 OK for: nx@23.1.1 want: 1.0.1
2286 silly placeDep ROOT es-errors@1.3.0 OK for: nx@23.1.1 want: 1.3.0
2287 silly placeDep ROOT es-object-atoms@1.1.1 OK for: nx@23.1.1 want: 1.1.1
2288 silly placeDep ROOT es-set-tostringtag@2.1.0 OK for: nx@23.1.1 want: 2.1.0
2289 silly placeDep ROOT escalade@3.2.0 OK for: nx@23.1.1 want: 3.2.0
2290 silly placeDep ROOT escape-string-regexp@1.0.5 OK for: nx@23.1.1 want: 1.0.5
2291 silly placeDep ROOT figures@3.2.0 OK for: nx@23.1.1 want: 3.2.0
2292 silly placeDep ROOT flat@5.0.2 OK for: nx@23.1.1 want: 5.0.2
2293 silly placeDep ROOT follow-redirects@1.16.0 OK for: nx@23.1.1 want: 1.16.0
2294 silly placeDep ROOT form-data@4.0.6 OK for: nx@23.1.1 want: 4.0.6
2295 silly placeDep ROOT fs-constants@1.0.0 OK for: nx@23.1.1 want: 1.0.0
2296 silly placeDep ROOT function-bind@1.1.2 OK for: nx@23.1.1 want: 1.1.2
2297 silly placeDep ROOT get-caller-file@2.0.5 OK for: nx@23.1.1 want: 2.0.5
2298 silly placeDep ROOT get-intrinsic@1.3.0 OK for: nx@23.1.1 want: 1.3.0
2299 silly placeDep ROOT get-proto@1.0.1 OK for: nx@23.1.1 want: 1.0.1
2300 silly placeDep ROOT gopd@1.2.0 OK for: nx@23.1.1 want: 1.2.0
2301 silly placeDep ROOT has-flag@4.0.0 OK for: nx@23.1.1 want: 4.0.0
2302 silly placeDep ROOT has-symbols@1.1.0 OK for: nx@23.1.1 want: 1.1.0
2303 silly placeDep ROOT has-tostringtag@1.0.2 OK for: nx@23.1.1 want: 1.0.2
2304 silly placeDep ROOT hasown@2.0.4 OK for: nx@23.1.1 want: 2.0.4
2305 silly placeDep ROOT https-proxy-agent@5.0.1 OK for: nx@23.1.1 want: 5.0.1
2306 silly placeDep ROOT ieee754@1.2.1 OK for: nx@23.1.1 want: 1.2.1
2307 silly placeDep node_modules/nx ignore@7.0.5 OK for: nx@23.1.1 want: 7.0.5
2308 silly placeDep ROOT inherits@2.0.4 OK for: nx@23.1.1 want: 2.0.4
2309 silly placeDep ROOT is-docker@3.0.0 OK for: nx@23.1.1 want: 3.0.0
2310 silly placeDep ROOT is-fullwidth-code-point@3.0.0 OK for: nx@23.1.1 want: 3.0.0
2311 silly placeDep ROOT is-inside-container@1.0.0 OK for: nx@23.1.1 want: 1.0.0
2312 silly placeDep ROOT is-interactive@1.0.0 OK for: nx@23.1.1 want: 1.0.0
2313 silly placeDep ROOT is-unicode-supported@0.1.0 OK for: nx@23.1.1 want: 0.1.0
2314 silly placeDep ROOT is-wsl@3.1.0 OK for: nx@23.1.1 want: 3.1.0
2315 silly placeDep ROOT isexe@2.0.0 OK for: nx@23.1.1 want: 2.0.0
2316 silly placeDep ROOT lines-and-columns@2.0.3 OK for: nx@23.1.1 want: 2.0.3
2317 silly placeDep ROOT log-symbols@4.1.0 OK for: nx@23.1.1 want: 4.1.0
2318 silly placeDep ROOT math-intrinsics@1.1.0 OK for: nx@23.1.1 want: 1.1.0
2319 silly placeDep ROOT mime-db@1.52.0 OK for: nx@23.1.1 want: 1.52.0
2320 silly placeDep ROOT mime-types@2.1.35 OK for: nx@23.1.1 want: 2.1.35
2321 silly placeDep ROOT mimic-fn@2.1.0 OK for: nx@23.1.1 want: 2.1.0
2322 silly placeDep ROOT minimist@1.2.8 OK for: nx@23.1.1 want: 1.2.8
2323 silly placeDep ROOT once@1.4.0 OK for: nx@23.1.1 want: 1.4.0
2324 silly placeDep ROOT onetime@5.1.2 OK for: nx@23.1.1 want: 5.1.2
2325 silly placeDep ROOT open@10.1.0 OK for: nx@23.1.1 want: 10.1.0
2326 silly placeDep ROOT ora@5.4.1 OK for: nx@23.1.1 want: 5.4.1
2327 silly placeDep ROOT proxy-from-env@2.1.0 OK for: nx@23.1.1 want: 2.1.0
2328 silly placeDep ROOT readable-stream@3.6.2 OK for: nx@23.1.1 want: 3.6.2
2329 silly placeDep ROOT require-directory@2.1.1 OK for: nx@23.1.1 want: 2.1.1
2330 silly placeDep ROOT resolve.exports@2.0.3 OK for: nx@23.1.1 want: 2.0.3
2331 silly placeDep ROOT restore-cursor@3.1.0 OK for: nx@23.1.1 want: 3.1.0
2332 silly placeDep ROOT run-applescript@7.0.0 OK for: nx@23.1.1 want: 7.0.0
2333 silly placeDep ROOT safe-buffer@5.2.1 OK for: nx@23.1.1 want: 5.2.1
2334 silly placeDep node_modules/nx semver@7.8.4 OK for: nx@23.1.1 want: 7.8.4
2335 silly placeDep ROOT signal-exit@3.0.7 OK for: nx@23.1.1 want: 3.0.7
2336 silly placeDep ROOT smol-toml@1.6.1 OK for: nx@23.1.1 want: 1.6.1
2337 silly placeDep ROOT string_decoder@1.3.0 OK for: nx@23.1.1 want: 1.3.0
2338 silly placeDep ROOT string-width@4.2.3 OK for: nx@23.1.1 want: 4.2.3
2339 silly placeDep ROOT strip-bom@3.0.0 OK for: nx@23.1.1 want: 3.0.0
2340 silly placeDep ROOT tar-stream@2.2.0 OK for: nx@23.1.1 want: 2.2.0
2341 silly placeDep ROOT tmp@0.2.7 OK for: nx@23.1.1 want: 0.2.7
2342 silly placeDep ROOT tsconfig-paths@4.2.0 OK for: nx@23.1.1 want: 4.2.0
2343 silly placeDep ROOT util-deprecate@1.0.2 OK for: nx@23.1.1 want: 1.0.2
2344 silly placeDep node_modules/nx which@3.0.1 OK for: nx@23.1.1 want: 3.0.1
2345 silly placeDep ROOT wrap-ansi@7.0.0 OK for: nx@23.1.1 want: 7.0.0
2346 silly placeDep ROOT wrappy@1.0.2 OK for: nx@23.1.1 want: 1.0.2
2347 silly placeDep ROOT y18n@5.0.8 OK for: nx@23.1.1 want: 5.0.8
2348 silly placeDep node_modules/nx yaml@2.9.0 OK for: nx@23.1.1 want: 2.9.0
2349 silly placeDep ROOT yargs@17.7.2 OK for: nx@23.1.1 want: 17.7.2
2350 silly fetch manifest @tybys/wasm-util@^0.9.0
2351 silly packumentCache full:https://registry.npmjs.org/@tybys%2fwasm-util cache-miss
2352 silly fetch manifest form-data@^4.0.5
2353 silly packumentCache full:https://registry.npmjs.org/form-data cache-miss
2354 silly fetch manifest proxy-from-env@^2.1.0
2355 silly packumentCache full:https://registry.npmjs.org/proxy-from-env cache-miss
2356 silly fetch manifest follow-redirects@^1.16.0
2357 silly packumentCache full:https://registry.npmjs.org/follow-redirects cache-miss
2358 silly fetch manifest https-proxy-agent@^5.0.1
2359 silly packumentCache full:https://registry.npmjs.org/https-proxy-agent cache-miss
2360 silly fetch manifest buffer@^5.5.0
2361 silly packumentCache full:https://registry.npmjs.org/buffer cache-miss
2362 silly fetch manifest inherits@^2.0.4
2363 silly packumentCache full:https://registry.npmjs.org/inherits cache-miss
2364 silly fetch manifest readable-stream@^3.4.0
2365 silly packumentCache full:https://registry.npmjs.org/readable-stream cache-miss
2366 silly fetch manifest ieee754@^1.1.13
2367 silly packumentCache full:https://registry.npmjs.org/ieee754 cache-hit
2368 silly fetch manifest run-applescript@^7.0.0
2369 silly packumentCache full:https://registry.npmjs.org/run-applescript cache-miss
2370 silly fetch manifest function-bind@^1.1.2
2371 silly packumentCache full:https://registry.npmjs.org/function-bind cache-miss
2372 silly fetch manifest restore-cursor@^3.1.0
2373 silly packumentCache full:https://registry.npmjs.org/restore-cursor cache-miss
2374 silly fetch manifest wrap-ansi@^7.0.0
2375 silly packumentCache full:https://registry.npmjs.org/wrap-ansi cache-miss
2376 silly fetch manifest string-width@^4.2.0
2377 silly packumentCache full:https://registry.npmjs.org/string-width cache-miss
2378 silly fetch manifest delayed-stream@~1.0.0
2379 silly packumentCache full:https://registry.npmjs.org/delayed-stream cache-miss
2380 silly fetch manifest default-browser-id@^5.0.0
2381 silly packumentCache full:https://registry.npmjs.org/default-browser-id cache-miss
2382 silly fetch manifest gopd@^1.2.0
2383 silly packumentCache full:https://registry.npmjs.org/gopd cache-miss
2384 silly fetch manifest once@^1.4.0
2385 silly packumentCache full:https://registry.npmjs.org/once cache-miss
2386 silly fetch manifest get-intrinsic@^1.2.6
2387 silly packumentCache full:https://registry.npmjs.org/get-intrinsic cache-miss
2388 silly fetch manifest has-tostringtag@^1.0.2
2389 silly packumentCache full:https://registry.npmjs.org/has-tostringtag cache-miss
2390 silly fetch manifest hasown@^2.0.2
2391 silly packumentCache full:https://registry.npmjs.org/hasown cache-miss
2392 silly fetch manifest hasown@^2.0.4
2393 silly packumentCache full:https://registry.npmjs.org/hasown cache-miss
2394 silly fetch manifest mime-types@^2.1.35
2395 silly packumentCache full:https://registry.npmjs.org/mime-types cache-miss
2396 silly fetch manifest gopd@^1.2.0
2397 silly packumentCache full:https://registry.npmjs.org/gopd cache-miss
2398 silly fetch manifest hasown@^2.0.2
2399 silly packumentCache full:https://registry.npmjs.org/hasown cache-miss
2400 silly fetch manifest get-proto@^1.0.1
2401 silly packumentCache full:https://registry.npmjs.org/get-proto cache-miss
2402 silly fetch manifest has-symbols@^1.1.0
2403 silly packumentCache full:https://registry.npmjs.org/has-symbols cache-miss
2404 silly fetch manifest math-intrinsics@^1.1.0
2405 silly packumentCache full:https://registry.npmjs.org/math-intrinsics cache-miss
2406 silly fetch manifest wrappy@1
2407 silly packumentCache full:https://registry.npmjs.org/wrappy cache-miss
2408 silly fetch manifest string_decoder@^1.1.1
2409 silly packumentCache full:https://registry.npmjs.org/string_decoder cache-miss
2410 silly fetch manifest util-deprecate@^1.0.1
2411 silly packumentCache full:https://registry.npmjs.org/util-deprecate cache-miss
2412 silly fetch manifest signal-exit@^3.0.2
2413 silly packumentCache full:https://registry.npmjs.org/signal-exit cache-miss
2414 http cache https://registry.npmjs.org/@tybys%2fwasm-util 43ms (cache hit)
2415 silly packumentCache full:https://registry.npmjs.org/@tybys%2fwasm-util set size:60108 disposed:false
2416 silly fetch manifest emoji-regex@^8.0.0
2417 silly packumentCache full:https://registry.npmjs.org/emoji-regex cache-hit
2418 http cache https://registry.npmjs.org/inherits 44ms (cache hit)
2419 silly packumentCache full:https://registry.npmjs.org/inherits set size:12925 disposed:false
2420 http cache https://registry.npmjs.org/follow-redirects 46ms (cache hit)
2421 silly packumentCache full:https://registry.npmjs.org/follow-redirects set size:188945 disposed:false
2422 http cache https://registry.npmjs.org/form-data 50ms (cache hit)
2423 silly packumentCache full:https://registry.npmjs.org/form-data set size:153174 disposed:false
2424 http cache https://registry.npmjs.org/proxy-from-env 54ms (cache hit)
2425 silly packumentCache full:https://registry.npmjs.org/proxy-from-env set size:21422 disposed:false
2426 http cache https://registry.npmjs.org/run-applescript 52ms (cache hit)
2427 silly packumentCache full:https://registry.npmjs.org/run-applescript set size:27897 disposed:false
2428 http cache https://registry.npmjs.org/readable-stream 54ms (cache hit)
2429 silly packumentCache full:https://registry.npmjs.org/readable-stream set size:261096 disposed:false
2430 http cache https://registry.npmjs.org/https-proxy-agent 60ms (cache hit)
2431 silly packumentCache full:https://registry.npmjs.org/https-proxy-agent set size:83792 disposed:false
2432 http cache https://registry.npmjs.org/buffer 62ms (cache hit)
2433 silly packumentCache full:https://registry.npmjs.org/buffer set size:280480 disposed:false
2434 http cache https://registry.npmjs.org/delayed-stream 61ms (cache hit)
2435 silly packumentCache full:https://registry.npmjs.org/delayed-stream set size:15820 disposed:false
2436 http cache https://registry.npmjs.org/function-bind 64ms (cache hit)
2437 silly packumentCache full:https://registry.npmjs.org/function-bind set size:15733 disposed:false
2438 http cache https://registry.npmjs.org/default-browser-id 63ms (cache hit)
2439 silly packumentCache full:https://registry.npmjs.org/default-browser-id set size:24398 disposed:false
2440 http cache https://registry.npmjs.org/once 63ms (cache hit)
2441 silly packumentCache full:https://registry.npmjs.org/once set size:11752 disposed:false
2442 http cache https://registry.npmjs.org/gopd 64ms (cache hit)
2443 silly packumentCache full:https://registry.npmjs.org/gopd set size:11483 disposed:false
2444 http cache https://registry.npmjs.org/has-tostringtag 63ms (cache hit)
2445 silly packumentCache full:https://registry.npmjs.org/has-tostringtag set size:13945 disposed:false
2446 http cache https://registry.npmjs.org/wrap-ansi 67ms (cache hit)
2447 silly packumentCache full:https://registry.npmjs.org/wrap-ansi set size:57461 disposed:false
2448 http cache https://registry.npmjs.org/get-intrinsic 66ms (cache hit)
2449 silly packumentCache full:https://registry.npmjs.org/get-intrinsic set size:60985 disposed:false
2450 http cache https://registry.npmjs.org/hasown 67ms (cache hit)
2451 silly packumentCache full:https://registry.npmjs.org/hasown set size:18361 disposed:false
2452 http cache https://registry.npmjs.org/string-width 71ms (cache hit)
2453 silly packumentCache full:https://registry.npmjs.org/string-width set size:72458 disposed:false
2454 http cache https://registry.npmjs.org/gopd 68ms (cache hit)
2455 silly packumentCache full:https://registry.npmjs.org/gopd set size:11483 disposed:false
2456 silly packumentCache full:https://registry.npmjs.org/gopd dispose
2457 http cache https://registry.npmjs.org/restore-cursor 73ms (cache hit)
2458 silly packumentCache full:https://registry.npmjs.org/restore-cursor set size:17895 disposed:false
2459 http cache https://registry.npmjs.org/mime-types 70ms (cache hit)
2460 silly packumentCache full:https://registry.npmjs.org/mime-types set size:139110 disposed:false
2461 http cache https://registry.npmjs.org/hasown 72ms (cache hit)
2462 silly packumentCache full:https://registry.npmjs.org/hasown set size:18361 disposed:false
2463 silly packumentCache full:https://registry.npmjs.org/hasown dispose
2464 http cache https://registry.npmjs.org/util-deprecate 67ms (cache hit)
2465 silly packumentCache full:https://registry.npmjs.org/util-deprecate set size:6674 disposed:false
2466 http cache https://registry.npmjs.org/string_decoder 69ms (cache hit)
2467 silly packumentCache full:https://registry.npmjs.org/string_decoder set size:28441 disposed:false
2468 http cache https://registry.npmjs.org/hasown 76ms (cache hit)
2469 silly packumentCache full:https://registry.npmjs.org/hasown set size:18361 disposed:true
2470 silly packumentCache full:https://registry.npmjs.org/hasown dispose
2471 http cache https://registry.npmjs.org/get-proto 75ms (cache hit)
2472 silly packumentCache full:https://registry.npmjs.org/get-proto set size:8300 disposed:false
2473 http cache https://registry.npmjs.org/wrappy 71ms (cache hit)
2474 silly packumentCache full:https://registry.npmjs.org/wrappy set size:7682 disposed:false
2475 http cache https://registry.npmjs.org/math-intrinsics 76ms (cache hit)
2476 silly packumentCache full:https://registry.npmjs.org/math-intrinsics set size:9265 disposed:false
2477 http cache https://registry.npmjs.org/has-symbols 76ms (cache hit)
2478 silly packumentCache full:https://registry.npmjs.org/has-symbols set size:21550 disposed:false
2479 http cache https://registry.npmjs.org/signal-exit 74ms (cache hit)
2480 silly packumentCache full:https://registry.npmjs.org/signal-exit set size:53489 disposed:false
2481 silly placeDep ROOT callsites@3.1.0 OK for: parent-module@1.0.1 want: ^3.0.0
2482 silly placeDep ROOT error-ex@1.3.4 OK for: parse-json@5.2.0 want: ^1.3.1
2483 silly placeDep ROOT json-parse-even-better-errors@2.3.1 OK for: parse-json@5.2.0 want: ^2.3.0
2484 silly placeDep node_modules/parse-json lines-and-columns@1.2.4 OK for: parse-json@5.2.0 want: ^1.1.6
2485 silly fetch manifest is-arrayish@^0.2.1
2486 silly packumentCache full:https://registry.npmjs.org/is-arrayish cache-miss
2487 http fetch GET 200 https://registry.npmjs.org/is-arrayish 27ms (cache miss)
2488 silly packumentCache full:https://registry.npmjs.org/is-arrayish set size:undefined disposed:false
2489 silly placeDep ROOT is-arrayish@0.2.1 OK for: error-ex@1.3.4 want: ^0.2.1
2490 silly placeDep ROOT entities@8.0.0 OK for: parse5@8.0.1 want: ^8.0.0
2491 silly fetch manifest pg@>=8.0
2492 silly packumentCache full:https://registry.npmjs.org/pg cache-miss
2493 http cache https://registry.npmjs.org/pg 8ms (cache hit)
2494 silly packumentCache full:https://registry.npmjs.org/pg set size:482398 disposed:false
2495 silly placeDep ROOT pg-cloudflare@1.4.0 OK for: pg@8.23.0 want: ^1.4.0
2496 silly placeDep ROOT pg-connection-string@2.14.0 OK for: pg@8.23.0 want: ^2.14.0
2497 silly placeDep ROOT pg-pool@3.14.0 OK for: pg@8.23.0 want: ^3.14.0
2498 silly placeDep ROOT pg-protocol@1.16.0 OK for: pg@8.23.0 want: ^1.16.0
2499 silly placeDep ROOT pg-types@2.2.0 OK for: pg@8.23.0 want: 2.2.0
2500 silly placeDep ROOT pgpass@1.0.5 OK for: pg@8.23.0 want: 1.0.5
2501 silly fetch manifest pg-int8@1.0.1
2502 silly packumentCache full:https://registry.npmjs.org/pg-int8 cache-miss
2503 silly fetch manifest postgres-date@~1.0.4
2504 silly packumentCache full:https://registry.npmjs.org/postgres-date cache-miss
2505 silly fetch manifest postgres-array@~2.0.0
2506 silly packumentCache full:https://registry.npmjs.org/postgres-array cache-miss
2507 silly fetch manifest postgres-bytea@~1.0.0
2508 silly packumentCache full:https://registry.npmjs.org/postgres-bytea cache-miss
2509 silly fetch manifest postgres-interval@^1.1.0
2510 silly packumentCache full:https://registry.npmjs.org/postgres-interval cache-miss
2511 silly fetch manifest split2@^4.1.0
2512 silly packumentCache full:https://registry.npmjs.org/split2 cache-miss
2513 http fetch GET 200 https://registry.npmjs.org/postgres-date 27ms (cache miss)
2514 silly packumentCache full:https://registry.npmjs.org/postgres-date set size:undefined disposed:false
2515 http fetch GET 200 https://registry.npmjs.org/postgres-array 28ms (cache miss)
2516 silly packumentCache full:https://registry.npmjs.org/postgres-array set size:undefined disposed:false
2517 http fetch GET 200 https://registry.npmjs.org/postgres-bytea 28ms (cache miss)
2518 silly packumentCache full:https://registry.npmjs.org/postgres-bytea set size:undefined disposed:false
2519 http fetch GET 200 https://registry.npmjs.org/pg-int8 31ms (cache miss)
2520 silly packumentCache full:https://registry.npmjs.org/pg-int8 set size:undefined disposed:false
2521 http fetch GET 200 https://registry.npmjs.org/postgres-interval 30ms (cache miss)
2522 silly packumentCache full:https://registry.npmjs.org/postgres-interval set size:undefined disposed:false
2523 http fetch GET 200 https://registry.npmjs.org/split2 30ms (cache miss)
2524 silly packumentCache full:https://registry.npmjs.org/split2 set size:undefined disposed:false
2525 silly placeDep ROOT pg-int8@1.0.1 OK for: pg-types@2.2.0 want: 1.0.1
2526 silly placeDep ROOT postgres-array@2.0.0 OK for: pg-types@2.2.0 want: ~2.0.0
2527 silly placeDep ROOT postgres-bytea@1.0.1 OK for: pg-types@2.2.0 want: ~1.0.0
2528 silly placeDep ROOT postgres-date@1.0.7 OK for: pg-types@2.2.0 want: ~1.0.4
2529 silly placeDep ROOT postgres-interval@1.2.0 OK for: pg-types@2.2.0 want: ^1.1.0
2530 silly fetch manifest xtend@^4.0.0
2531 silly packumentCache full:https://registry.npmjs.org/xtend cache-miss
2532 http fetch GET 200 https://registry.npmjs.org/xtend 18ms (cache miss)
2533 silly packumentCache full:https://registry.npmjs.org/xtend set size:undefined disposed:false
2534 silly placeDep ROOT split2@4.2.0 OK for: pgpass@1.0.5 want: ^4.1.0
2535 silly placeDep ROOT xtend@4.0.2 OK for: postgres-interval@1.2.0 want: ^4.0.0
2536 silly placeDep ROOT regenerate@1.4.2 OK for: regexpu-core@6.4.0 want: ^1.4.2
2537 silly placeDep ROOT regenerate-unicode-properties@10.2.2 OK for: regexpu-core@6.4.0 want: ^10.2.2
2538 silly placeDep ROOT regjsgen@0.8.0 OK for: regexpu-core@6.4.0 want: ^0.8.0
2539 silly placeDep ROOT regjsparser@0.13.2 OK for: regexpu-core@6.4.0 want: ^0.13.0
2540 silly placeDep ROOT unicode-match-property-ecmascript@2.0.0 OK for: regexpu-core@6.4.0 want: ^2.0.0
2541 silly placeDep ROOT unicode-match-property-value-ecmascript@2.2.1 OK for: regexpu-core@6.4.0 want: ^2.2.1
2542 silly fetch manifest unicode-canonical-property-names-ecmascript@^2.0.0
2543 silly packumentCache full:https://registry.npmjs.org/unicode-canonical-property-names-ecmascript cache-miss
2544 silly fetch manifest unicode-property-aliases-ecmascript@^2.0.0
2545 silly packumentCache full:https://registry.npmjs.org/unicode-property-aliases-ecmascript cache-miss
2546 http fetch GET 200 https://registry.npmjs.org/unicode-property-aliases-ecmascript 16ms (cache miss)
2547 silly packumentCache full:https://registry.npmjs.org/unicode-property-aliases-ecmascript set size:undefined disposed:false
2548 http fetch GET 200 https://registry.npmjs.org/unicode-canonical-property-names-ecmascript 17ms (cache miss)
2549 silly packumentCache full:https://registry.npmjs.org/unicode-canonical-property-names-ecmascript set size:undefined disposed:false
2550 silly placeDep ROOT is-core-module@2.16.2 OK for: resolve@1.22.12 want: ^2.16.1
2551 silly placeDep ROOT path-parse@1.0.7 OK for: resolve@1.22.12 want: ^1.0.7
2552 silly placeDep ROOT supports-preserve-symlinks-flag@1.0.0 OK for: resolve@1.22.12 want: ^1.0.0
2553 silly placeDep ROOT xmlchars@2.2.0 OK for: saxes@6.0.0 want: ^2.2.0
2554 silly placeDep ROOT @img/colour@1.1.0 OK for: sharp@0.35.3 want: ^1.1.0
2555 silly placeDep ROOT @img/sharp-darwin-arm64@0.35.3 OK for: sharp@0.35.3 want: 0.35.3
2556 silly placeDep ROOT @img/sharp-darwin-x64@0.35.3 OK for: sharp@0.35.3 want: 0.35.3
2557 silly placeDep ROOT @img/sharp-freebsd-wasm32@0.35.3 OK for: sharp@0.35.3 want: 0.35.3
2558 silly placeDep ROOT @img/sharp-libvips-darwin-arm64@1.3.2 OK for: sharp@0.35.3 want: 1.3.2
2559 silly placeDep ROOT @img/sharp-libvips-darwin-x64@1.3.2 OK for: sharp@0.35.3 want: 1.3.2
2560 silly placeDep ROOT @img/sharp-libvips-linux-arm@1.3.2 OK for: sharp@0.35.3 want: 1.3.2
2561 silly placeDep ROOT @img/sharp-libvips-linux-arm64@1.3.2 OK for: sharp@0.35.3 want: 1.3.2
2562 silly placeDep ROOT @img/sharp-libvips-linux-ppc64@1.3.2 OK for: sharp@0.35.3 want: 1.3.2
2563 silly placeDep ROOT @img/sharp-libvips-linux-riscv64@1.3.2 OK for: sharp@0.35.3 want: 1.3.2
2564 silly placeDep ROOT @img/sharp-libvips-linux-s390x@1.3.2 OK for: sharp@0.35.3 want: 1.3.2
2565 silly placeDep ROOT @img/sharp-libvips-linux-x64@1.3.2 OK for: sharp@0.35.3 want: 1.3.2
2566 silly placeDep ROOT @img/sharp-libvips-linuxmusl-arm64@1.3.2 OK for: sharp@0.35.3 want: 1.3.2
2567 silly placeDep ROOT @img/sharp-libvips-linuxmusl-x64@1.3.2 OK for: sharp@0.35.3 want: 1.3.2
2568 silly placeDep ROOT @img/sharp-linux-arm@0.35.3 OK for: sharp@0.35.3 want: 0.35.3
2569 silly placeDep ROOT @img/sharp-linux-arm64@0.35.3 OK for: sharp@0.35.3 want: 0.35.3
2570 silly placeDep ROOT @img/sharp-linux-ppc64@0.35.3 OK for: sharp@0.35.3 want: 0.35.3
2571 silly placeDep ROOT @img/sharp-linux-riscv64@0.35.3 OK for: sharp@0.35.3 want: 0.35.3
2572 silly placeDep ROOT @img/sharp-linux-s390x@0.35.3 OK for: sharp@0.35.3 want: 0.35.3
2573 silly placeDep ROOT @img/sharp-linux-x64@0.35.3 OK for: sharp@0.35.3 want: 0.35.3
2574 silly placeDep ROOT @img/sharp-linuxmusl-arm64@0.35.3 OK for: sharp@0.35.3 want: 0.35.3
2575 silly placeDep ROOT @img/sharp-linuxmusl-x64@0.35.3 OK for: sharp@0.35.3 want: 0.35.3
2576 silly placeDep ROOT @img/sharp-webcontainers-wasm32@0.35.3 OK for: sharp@0.35.3 want: 0.35.3
2577 silly placeDep ROOT @img/sharp-win32-arm64@0.35.3 OK for: sharp@0.35.3 want: 0.35.3
2578 silly placeDep ROOT @img/sharp-win32-ia32@0.35.3 OK for: sharp@0.35.3 want: 0.35.3
2579 silly placeDep ROOT @img/sharp-win32-x64@0.35.3 OK for: sharp@0.35.3 want: 0.35.3
2580 silly placeDep ROOT detect-libc@2.1.2 OK for: sharp@0.35.3 want: ^2.1.2
2581 silly fetch manifest @img/sharp-wasm32@0.35.3
2582 silly packumentCache full:https://registry.npmjs.org/@img%2fsharp-wasm32 cache-miss
2583 silly fetch manifest @img/sharp-wasm32@0.35.3
2584 silly packumentCache full:https://registry.npmjs.org/@img%2fsharp-wasm32 cache-miss
2585 http fetch GET 200 https://registry.npmjs.org/@img%2fsharp-wasm32 29ms (cache miss)
2586 silly packumentCache full:https://registry.npmjs.org/@img%2fsharp-wasm32 set size:undefined disposed:false
2587 http fetch GET 200 https://registry.npmjs.org/@img%2fsharp-wasm32 45ms (cache miss)
2588 silly packumentCache full:https://registry.npmjs.org/@img%2fsharp-wasm32 set size:undefined disposed:false
2589 silly placeDep ROOT @img/sharp-wasm32@0.35.3 OK for: @img/sharp-freebsd-wasm32@0.35.3 want: 0.35.3
2590 silly fetch manifest @emnapi/runtime@^1.11.1
2591 silly packumentCache full:https://registry.npmjs.org/@emnapi%2fruntime cache-miss
2592 http cache https://registry.npmjs.org/@emnapi%2fruntime 3ms (cache hit)
2593 silly packumentCache full:https://registry.npmjs.org/@emnapi%2fruntime set size:125040 disposed:false
2594 silly placeDep node_modules/@img/sharp-wasm32 @emnapi/runtime@1.11.3 OK for: @img/sharp-wasm32@0.35.3 want: ^1.11.1
2595 silly placeDep ROOT shebang-regex@3.0.0 OK for: shebang-command@2.0.0 want: ^3.0.0
2596 silly placeDep ROOT buffer-from@1.1.2 OK for: source-map-support@0.5.19 want: ^1.0.0
2597 silly placeDep ROOT source-map@0.6.1 OK for: source-map-support@0.5.19 want: ^0.6.0
2598 silly placeDep node_modules/string-width emoji-regex@8.0.0 OK for: string-width@4.2.3 want: ^8.0.0
2599 silly fetch manifest picomatch@^4.0.4
2600 silly packumentCache full:https://registry.npmjs.org/picomatch cache-miss
2601 http cache https://registry.npmjs.org/picomatch 3ms (cache hit)
2602 silly packumentCache full:https://registry.npmjs.org/picomatch set size:128942 disposed:false
2603 silly placeDep ROOT fdir@6.5.0 OK for: tinyglobby@0.2.17 want: ^6.5.0
2604 silly placeDep ROOT tldts@7.4.10 OK for: tough-cookie@6.0.2 want: ^7.0.5
2605 silly fetch manifest tldts-core@^7.4.10
2606 silly packumentCache full:https://registry.npmjs.org/tldts-core cache-miss
2607 http fetch GET 200 https://registry.npmjs.org/tldts-core 77ms (cache miss)
2608 silly packumentCache full:https://registry.npmjs.org/tldts-core set size:undefined disposed:false
2609 silly placeDep ROOT tldts-core@7.4.10 OK for: tldts@7.4.10 want: ^7.4.10
2610 silly placeDep ROOT commander@12.1.0 OK for: ts-ebml@3.0.2 want: ^12.0.0
2611 silly placeDep ROOT ebml@3.0.0 OK for: ts-ebml@3.0.2 want: ^3.0.0
2612 silly placeDep ROOT ebml-block@1.1.2 OK for: ts-ebml@3.0.2 want: ^1.1.2
2613 silly placeDep ROOT events@3.3.0 OK for: ts-ebml@3.0.2 want: ^3.3.0
2614 silly placeDep ROOT int64-buffer@1.1.1 OK for: ts-ebml@3.0.2 want: ^1.0.1
2615 silly placeDep ROOT matroska-schema@2.1.0 OK for: ts-ebml@3.0.2 want: ^2.1.0
2616 silly fetch manifest buffers@^0.1.1
2617 silly packumentCache full:https://registry.npmjs.org/buffers cache-miss
2618 silly fetch manifest debug@~3.1.0
2619 silly packumentCache full:https://registry.npmjs.org/debug cache-hit
2620 http fetch GET 200 https://registry.npmjs.org/buffers 23ms (cache miss)
2621 silly packumentCache full:https://registry.npmjs.org/buffers set size:undefined disposed:false
2622 silly placeDep ROOT buffers@0.1.1 OK for: ebml@3.0.0 want: ^0.1.1
2623 silly placeDep node_modules/ebml debug@3.1.0 OK for: ebml@3.0.0 want: ~3.1.0
2624 silly fetch manifest ms@2.0.0
2625 silly packumentCache full:https://registry.npmjs.org/ms cache-hit
2626 silly placeDep ROOT unicode-canonical-property-names-ecmascript@2.0.1 OK for: unicode-match-property-ecmascript@2.0.0 want: ^2.0.0
2627 silly placeDep ROOT unicode-property-aliases-ecmascript@2.2.0 OK for: unicode-match-property-ecmascript@2.0.0 want: ^2.0.0
2628 silly placeDep ROOT tr46@6.0.0 OK for: whatwg-url@17.1.0 want: ^6.0.0
2629 silly fetch manifest punycode@^2.3.1
2630 silly packumentCache full:https://registry.npmjs.org/punycode cache-miss
2631 http fetch GET 200 https://registry.npmjs.org/punycode 20ms (cache miss)
2632 silly packumentCache full:https://registry.npmjs.org/punycode set size:undefined disposed:false
2633 silly placeDep ROOT punycode@2.3.1 OK for: tr46@6.0.0 want: ^2.3.1
2634 silly placeDep node_modules/ebml ms@2.0.0 OK for: debug@3.1.0 want: 2.0.0
2635 silly ADD node_modules/punycode
2636 silly ADD node_modules/tr46
2637 silly ADD node_modules/unicode-property-aliases-ecmascript
2638 silly ADD node_modules/unicode-canonical-property-names-ecmascript
2639 silly ADD node_modules/tldts-core
2640 silly ADD node_modules/tldts
2641 silly ADD node_modules/fdir
2642 silly ADD node_modules/source-map
2643 silly ADD node_modules/buffer-from
2644 silly ADD node_modules/@img/sharp-win32-x64
2645 silly ADD node_modules/@img/sharp-win32-ia32
2646 silly ADD node_modules/@img/sharp-win32-arm64
2647 silly ADD node_modules/@img/sharp-webcontainers-wasm32
2648 silly ADD node_modules/@img/sharp-linuxmusl-x64
2649 silly ADD node_modules/@img/sharp-linuxmusl-arm64
2650 silly ADD node_modules/@img/sharp-linux-s390x
2651 silly ADD node_modules/@img/sharp-linux-riscv64
2652 silly ADD node_modules/@img/sharp-linux-ppc64
2653 silly ADD node_modules/@img/sharp-linux-arm64
2654 silly ADD node_modules/@img/sharp-linux-arm
2655 silly ADD node_modules/@img/sharp-libvips-linuxmusl-x64
2656 silly ADD node_modules/@img/sharp-libvips-linuxmusl-arm64
2657 silly ADD node_modules/@img/sharp-libvips-linux-s390x
2658 silly ADD node_modules/@img/sharp-libvips-linux-riscv64
2659 silly ADD node_modules/@img/sharp-libvips-linux-ppc64
2660 silly ADD node_modules/@img/sharp-libvips-linux-arm64
2661 silly ADD node_modules/@img/sharp-libvips-linux-arm
2662 silly ADD node_modules/@img/sharp-libvips-darwin-x64
2663 silly ADD node_modules/@img/sharp-libvips-darwin-arm64
2664 silly ADD node_modules/@img/sharp-freebsd-wasm32
2665 silly ADD node_modules/@img/sharp-darwin-x64
2666 silly ADD node_modules/@img/sharp-darwin-arm64
2667 silly ADD node_modules/xmlchars
2668 silly ADD node_modules/supports-preserve-symlinks-flag
2669 silly ADD node_modules/path-parse
2670 silly ADD node_modules/is-core-module
2671 silly ADD node_modules/unicode-match-property-value-ecmascript
2672 silly ADD node_modules/unicode-match-property-ecmascript
2673 silly ADD node_modules/regjsparser
2674 silly ADD node_modules/regjsgen
2675 silly ADD node_modules/regenerate-unicode-properties
2676 silly ADD node_modules/regenerate
2677 silly ADD node_modules/entities
2678 silly ADD node_modules/is-arrayish
2679 silly ADD node_modules/json-parse-even-better-errors
2680 silly ADD node_modules/error-ex
2681 silly ADD node_modules/callsites
2682 silly ADD node_modules/yargs
2683 silly ADD node_modules/y18n
2684 silly ADD node_modules/wrappy
2685 silly ADD node_modules/wrap-ansi
2686 silly ADD node_modules/util-deprecate
2687 silly ADD node_modules/tsconfig-paths
2688 silly ADD node_modules/tmp
2689 silly ADD node_modules/tar-stream
2690 silly ADD node_modules/strip-bom
2691 silly ADD node_modules/string-width
2692 silly ADD node_modules/string-width/node_modules/emoji-regex
2693 silly ADD node_modules/string_decoder
2694 silly ADD node_modules/smol-toml
2695 silly ADD node_modules/signal-exit
2696 silly ADD node_modules/safe-buffer
2697 silly ADD node_modules/run-applescript
2698 silly ADD node_modules/restore-cursor
2699 silly ADD node_modules/resolve.exports
2700 silly ADD node_modules/require-directory
2701 silly ADD node_modules/readable-stream
2702 silly ADD node_modules/proxy-from-env
2703 silly ADD node_modules/ora
2704 silly ADD node_modules/open
2705 silly ADD node_modules/onetime
2706 silly ADD node_modules/once
2707 silly ADD node_modules/minimist
2708 silly ADD node_modules/mimic-fn
2709 silly ADD node_modules/mime-types
2710 silly ADD node_modules/mime-db
2711 silly ADD node_modules/math-intrinsics
2712 silly ADD node_modules/log-symbols
2713 silly ADD node_modules/lines-and-columns
2714 silly ADD node_modules/is-wsl
2715 silly ADD node_modules/is-unicode-supported
2716 silly ADD node_modules/is-interactive
2717 silly ADD node_modules/is-inside-container
2718 silly ADD node_modules/is-fullwidth-code-point
2719 silly ADD node_modules/is-docker
2720 silly ADD node_modules/inherits
2721 silly ADD node_modules/https-proxy-agent
2722 silly ADD node_modules/hasown
2723 silly ADD node_modules/has-tostringtag
2724 silly ADD node_modules/has-symbols
2725 silly ADD node_modules/has-flag
2726 silly ADD node_modules/gopd
2727 silly ADD node_modules/get-proto
2728 silly ADD node_modules/get-intrinsic
2729 silly ADD node_modules/get-caller-file
2730 silly ADD node_modules/function-bind
2731 silly ADD node_modules/fs-constants
2732 silly ADD node_modules/form-data
2733 silly ADD node_modules/follow-redirects
2734 silly ADD node_modules/flat
2735 silly ADD node_modules/figures
2736 silly ADD node_modules/escape-string-regexp
2737 silly ADD node_modules/escalade
2738 silly ADD node_modules/es-set-tostringtag
2739 silly ADD node_modules/es-object-atoms
2740 silly ADD node_modules/es-errors
2741 silly ADD node_modules/es-define-property
2742 silly ADD node_modules/end-of-stream
2743 silly ADD node_modules/dunder-proto
2744 silly ADD node_modules/dotenv-expand
2745 silly ADD node_modules/dotenv
2746 silly ADD node_modules/delayed-stream
2747 silly ADD node_modules/define-lazy-prop
2748 silly ADD node_modules/defaults
2749 silly ADD node_modules/default-browser-id
2750 silly ADD node_modules/default-browser
2751 silly ADD node_modules/combined-stream
2752 silly ADD node_modules/clone
2753 silly ADD node_modules/cliui
2754 silly ADD node_modules/cli-spinners
2755 silly ADD node_modules/cli-cursor
2756 silly ADD node_modules/call-bind-apply-helpers
2757 silly ADD node_modules/bundle-name
2758 silly ADD node_modules/buffer
2759 silly ADD node_modules/bl
2760 silly ADD node_modules/base64-js
2761 silly ADD node_modules/axios
2762 silly ADD node_modules/asynckit
2763 silly ADD node_modules/ansi-regex
2764 silly ADD node_modules/agent-base
2765 silly ADD node_modules/@yarnpkg/lockfile
2766 silly ADD node_modules/@tybys/wasm-util
2767 silly ADD node_modules/@nx/nx-win32-x64-msvc
2768 silly ADD node_modules/@nx/nx-win32-arm64-msvc
2769 silly ADD node_modules/@nx/nx-linux-x64-musl
2770 silly ADD node_modules/@nx/nx-linux-x64-gnu
2771 silly ADD node_modules/@nx/nx-linux-arm64-musl
2772 silly ADD node_modules/@nx/nx-linux-arm64-gnu
2773 silly ADD node_modules/@nx/nx-linux-arm-gnueabihf
2774 silly ADD node_modules/@nx/nx-freebsd-x64
2775 silly ADD node_modules/@nx/nx-darwin-x64
2776 silly ADD node_modules/@nx/nx-darwin-arm64
2777 silly ADD node_modules/@napi-rs/wasm-runtime
2778 silly ADD node_modules/@jest/diff-sequences
2779 silly ADD node_modules/@emnapi/wasi-threads
2780 silly ADD node_modules/@emnapi/runtime
2781 silly ADD node_modules/@emnapi/core
2782 silly ADD node_modules/balanced-match
2783 silly ADD node_modules/brace-expansion
2784 silly ADD node_modules/yallist
2785 silly ADD node_modules/source-map-js
2786 silly ADD node_modules/mdn-data
2787 silly ADD node_modules/require-from-string
2788 silly ADD node_modules/@csstools/color-helpers
2789 silly ADD node_modules/bidi-js
2790 silly ADD node_modules/@csstools/css-color-parser
2791 silly ADD node_modules/@csstools/css-tokenizer
2792 silly ADD node_modules/@csstools/css-parser-algorithms
2793 silly ADD node_modules/@csstools/css-calc
2794 silly ADD node_modules/xml-name-validator
2795 silly ADD node_modules/whatwg-url
2796 silly ADD node_modules/whatwg-mimetype
2797 silly ADD node_modules/webidl-conversions
2798 silly ADD node_modules/w3c-xmlserializer
2799 silly ADD node_modules/undici
2800 silly ADD node_modules/tough-cookie
2801 silly ADD node_modules/symbol-tree
2802 silly ADD node_modules/saxes
2803 silly ADD node_modules/is-potential-custom-element-name
2804 silly ADD node_modules/html-encoding-sniffer
2805 silly ADD node_modules/decimal.js
2806 silly ADD node_modules/data-urls
2807 silly ADD node_modules/data-urls/node_modules/whatwg-url
2808 silly ADD node_modules/css-tree
2809 silly ADD node_modules/@exodus/bytes
2810 silly ADD node_modules/@csstools/css-syntax-patches-for-csstree
2811 silly ADD node_modules/@bramus/specificity
2812 silly ADD node_modules/@asamuzakjp/dom-selector
2813 silly ADD node_modules/@asamuzakjp/dom-selector/node_modules/lru-cache
2814 silly ADD node_modules/@asamuzakjp/css-color
2815 silly ADD node_modules/@asamuzakjp/css-color/node_modules/lru-cache
2816 silly ADD node_modules/resolve-from
2817 silly ADD node_modules/parent-module
2818 silly ADD node_modules/ansi-colors
2819 silly ADD node_modules/@types/trusted-types
2820 silly ADD node_modules/address
2821 silly ADD node_modules/which
2822 silly ADD node_modules/yaml
2823 silly ADD node_modules/path-type
2824 silly ADD node_modules/parse-json
2825 silly ADD node_modules/parse-json/node_modules/lines-and-columns
2826 silly ADD node_modules/import-fresh
2827 silly ADD node_modules/@types/parse-json
2828 silly ADD node_modules/wcwidth
2829 silly ADD node_modules/strip-ansi
2830 silly ADD node_modules/color-name
2831 silly ADD node_modules/color-convert
2832 silly ADD node_modules/supports-color
2833 silly ADD node_modules/ansi-styles
2834 silly ADD node_modules/update-browserslist-db
2835 silly ADD node_modules/node-releases
2836 silly ADD node_modules/electron-to-chromium
2837 silly ADD node_modules/caniuse-lite
2838 silly ADD node_modules/baseline-browser-mapping
2839 silly ADD node_modules/lodash.debounce
2840 silly ADD node_modules/@babel/helper-define-polyfill-provider
2841 silly ADD node_modules/resolve
2842 silly ADD node_modules/cosmiconfig
2843 silly ADD node_modules/argparse
2844 silly ADD node_modules/yargs-parser
2845 silly ADD node_modules/minimatch
2846 silly ADD node_modules/enquirer
2847 silly ADD node_modules/ejs
2848 silly ADD node_modules/@jridgewell/resolve-uri
2849 silly ADD node_modules/@jridgewell/sourcemap-codec
2850 silly ADD node_modules/@babel/helper-string-parser
2851 silly ADD node_modules/@babel/plugin-syntax-typescript
2852 silly ADD node_modules/@babel/plugin-transform-typescript
2853 silly ADD node_modules/@babel/plugin-syntax-jsx
2854 silly ADD node_modules/esutils
2855 silly ADD node_modules/@babel/helper-globals
2856 silly ADD node_modules/@babel/helper-wrap-function
2857 silly ADD node_modules/@babel/helper-remap-async-to-generator
2858 silly ADD node_modules/regexpu-core
2859 silly ADD node_modules/@babel/helper-create-regexp-features-plugin
2860 silly ADD node_modules/@babel/helper-create-regexp-features-plugin/node_modules/semver
2861 silly ADD node_modules/core-js-compat
2862 silly ADD node_modules/@babel/preset-modules
2863 silly ADD node_modules/@babel/plugin-transform-unicode-sets-regex
2864 silly ADD node_modules/@babel/plugin-transform-unicode-regex
2865 silly ADD node_modules/@babel/plugin-transform-unicode-property-regex
2866 silly ADD node_modules/@babel/plugin-transform-unicode-escapes
2867 silly ADD node_modules/@babel/plugin-transform-typeof-symbol
2868 silly ADD node_modules/@babel/plugin-transform-template-literals
2869 silly ADD node_modules/@babel/plugin-transform-sticky-regex
2870 silly ADD node_modules/@babel/plugin-transform-spread
2871 silly ADD node_modules/@babel/plugin-transform-shorthand-properties
2872 silly ADD node_modules/@babel/plugin-transform-reserved-words
2873 silly ADD node_modules/@babel/plugin-transform-regexp-modifiers
2874 silly ADD node_modules/@babel/plugin-transform-regenerator
2875 silly ADD node_modules/@babel/plugin-transform-property-literals
2876 silly ADD node_modules/@babel/plugin-transform-parameters
2877 silly ADD node_modules/@babel/plugin-transform-optional-chaining
2878 silly ADD node_modules/@babel/plugin-transform-optional-catch-binding
2879 silly ADD node_modules/@babel/plugin-transform-object-super
2880 silly ADD node_modules/@babel/plugin-transform-object-rest-spread
2881 silly ADD node_modules/@babel/plugin-transform-numeric-separator
2882 silly ADD node_modules/@babel/plugin-transform-nullish-coalescing-operator
2883 silly ADD node_modules/@babel/plugin-transform-new-target
2884 silly ADD node_modules/@babel/plugin-transform-named-capturing-groups-regex
2885 silly ADD node_modules/@babel/plugin-transform-modules-umd
2886 silly ADD node_modules/@babel/plugin-transform-modules-systemjs
2887 silly ADD node_modules/@babel/plugin-transform-modules-commonjs
2888 silly ADD node_modules/@babel/plugin-transform-modules-amd
2889 silly ADD node_modules/@babel/plugin-transform-member-expression-literals
2890 silly ADD node_modules/@babel/plugin-transform-logical-assignment-operators
2891 silly ADD node_modules/@babel/plugin-transform-literals
2892 silly ADD node_modules/@babel/plugin-transform-json-strings
2893 silly ADD node_modules/@babel/plugin-transform-function-name
2894 silly ADD node_modules/@babel/plugin-transform-for-of
2895 silly ADD node_modules/@babel/plugin-transform-export-namespace-from
2896 silly ADD node_modules/@babel/plugin-transform-exponentiation-operator
2897 silly ADD node_modules/@babel/plugin-transform-explicit-resource-management
2898 silly ADD node_modules/@babel/plugin-transform-dynamic-import
2899 silly ADD node_modules/@babel/plugin-transform-duplicate-named-capturing-groups-regex
2900 silly ADD node_modules/@babel/plugin-transform-duplicate-keys
2901 silly ADD node_modules/@babel/plugin-transform-dotall-regex
2902 silly ADD node_modules/@babel/plugin-transform-destructuring
2903 silly ADD node_modules/@babel/plugin-transform-computed-properties
2904 silly ADD node_modules/@babel/plugin-transform-classes
2905 silly ADD node_modules/@babel/plugin-transform-block-scoping
2906 silly ADD node_modules/@babel/plugin-transform-block-scoped-functions
2907 silly ADD node_modules/@babel/plugin-transform-async-to-generator
2908 silly ADD node_modules/@babel/plugin-transform-async-generator-functions
2909 silly ADD node_modules/@babel/plugin-transform-arrow-functions
2910 silly ADD node_modules/@babel/plugin-syntax-unicode-sets-regex
2911 silly ADD node_modules/@babel/plugin-syntax-import-attributes
2912 silly ADD node_modules/@babel/plugin-syntax-import-assertions
2913 silly ADD node_modules/@babel/plugin-proposal-private-property-in-object
2914 silly ADD node_modules/@babel/plugin-bugfix-v8-static-class-fields-redefine-readonly
2915 silly ADD node_modules/@babel/plugin-bugfix-v8-spread-parameters-in-optional-chaining
2916 silly ADD node_modules/@babel/plugin-bugfix-safari-rest-destructuring-rhs-array
2917 silly ADD node_modules/@babel/plugin-bugfix-safari-id-destructuring-collision-in-function-expression
2918 silly ADD node_modules/@babel/plugin-bugfix-safari-class-field-initializer-scope
2919 silly ADD node_modules/@babel/plugin-bugfix-firefox-class-in-computed-class-key
2920 silly ADD node_modules/babel-plugin-polyfill-regenerator
2921 silly ADD node_modules/babel-plugin-polyfill-corejs3
2922 silly ADD node_modules/babel-plugin-polyfill-corejs2
2923 silly ADD node_modules/babel-plugin-polyfill-corejs2/node_modules/semver
2924 silly ADD node_modules/@babel/helper-skip-transparent-expression-wrappers
2925 silly ADD node_modules/@babel/helper-replace-supers
2926 silly ADD node_modules/@babel/helper-optimise-call-expression
2927 silly ADD node_modules/@babel/helper-member-expression-to-functions
2928 silly ADD node_modules/@babel/helper-annotate-as-pure
2929 silly ADD node_modules/@babel/plugin-syntax-decorators
2930 silly ADD node_modules/@babel/helper-plugin-utils
2931 silly ADD node_modules/@babel/helper-create-class-features-plugin
2932 silly ADD node_modules/@babel/helper-create-class-features-plugin/node_modules/semver
2933 silly ADD node_modules/@babel/helper-module-imports
2934 silly ADD node_modules/lru-cache
2935 silly ADD node_modules/browserslist
2936 silly ADD node_modules/@babel/helper-validator-option
2937 silly ADD node_modules/@babel/compat-data
2938 silly ADD node_modules/jsesc
2939 silly ADD node_modules/@jridgewell/trace-mapping
2940 silly ADD node_modules/@jridgewell/gen-mapping
2941 silly ADD node_modules/@babel/helper-validator-identifier
2942 silly ADD node_modules/json5
2943 silly ADD node_modules/gensync
2944 silly ADD node_modules/convert-source-map
2945 silly ADD node_modules/@jridgewell/remapping
2946 silly ADD node_modules/@babel/types
2947 silly ADD node_modules/@babel/traverse
2948 silly ADD node_modules/@babel/template
2949 silly ADD node_modules/@babel/parser
2950 silly ADD node_modules/@babel/helpers
2951 silly ADD node_modules/@babel/helper-module-transforms
2952 silly ADD node_modules/@babel/helper-compilation-targets
2953 silly ADD node_modules/@babel/helper-compilation-targets/node_modules/semver
2954 silly ADD node_modules/@babel/generator
2955 silly ADD node_modules/@babel/code-frame
2956 silly ADD node_modules/tinyglobby
2957 silly ADD node_modules/source-map-support
2958 silly ADD node_modules/picomatch
2959 silly ADD node_modules/picocolors
2960 silly ADD node_modules/npm-run-path
2961 silly ADD node_modules/jsonc-parser
2962 silly ADD node_modules/js-tokens
2963 silly ADD node_modules/ignore
2964 silly ADD node_modules/detect-port
2965 silly ADD node_modules/columnify
2966 silly ADD node_modules/chalk
2967 silly ADD node_modules/babel-plugin-transform-typescript-metadata
2968 silly ADD node_modules/babel-plugin-macros
2969 silly ADD node_modules/babel-plugin-const-enum
2970 silly ADD node_modules/@zkochan/js-yaml
2971 silly ADD node_modules/@nx/devkit
2972 silly ADD node_modules/@babel/runtime
2973 silly ADD node_modules/@babel/preset-typescript
2974 silly ADD node_modules/@babel/preset-env
2975 silly ADD node_modules/@babel/preset-env/node_modules/semver
2976 silly ADD node_modules/@babel/preset-env/node_modules/babel-plugin-polyfill-corejs3
2977 silly ADD node_modules/@babel/plugin-transform-runtime
2978 silly ADD node_modules/@babel/plugin-transform-runtime/node_modules/semver
2979 silly ADD node_modules/@babel/plugin-transform-private-property-in-object
2980 silly ADD node_modules/@babel/plugin-transform-private-methods
2981 silly ADD node_modules/@babel/plugin-transform-class-static-block
2982 silly ADD node_modules/@babel/plugin-transform-class-properties
2983 silly ADD node_modules/@babel/plugin-proposal-decorators
2984 silly ADD node_modules/@babel/core
2985 silly ADD node_modules/@babel/core/node_modules/semver
2986 silly ADD node_modules/parse5
2987 silly ADD node_modules/nx
2988 silly ADD node_modules/nx/node_modules/yaml
2989 silly ADD node_modules/nx/node_modules/which
2990 silly ADD node_modules/nx/node_modules/semver
2991 silly ADD node_modules/nx/node_modules/ignore
2992 silly ADD node_modules/nx/node_modules/emoji-regex
2993 silly ADD node_modules/nx/node_modules/brace-expansion
2994 silly ADD node_modules/nx/node_modules/balanced-match
2995 silly ADD node_modules/jsdom
2996 silly ADD node_modules/jsdom/node_modules/lru-cache
2997 silly ADD node_modules/emoji-regex
2998 silly ADD node_modules/dompurify
2999 silly ADD node_modules/@nx/workspace
3000 silly ADD node_modules/@nx/js
3001 silly CHANGE node_modules/ws
3002 silly CHANGE node_modules/node-addon-api
3003 silly REMOVE node_modules/cross-spawn/node_modules/which
3004 verbose cwd /home/roriwalr
3005 verbose os Linux 5.14.0-611.49.1.el9_7.x86_64
3006 verbose node v22.23.2
3007 verbose npm  v10.9.8
3008 verbose exit 0
3009 info ok
